seq,exp,valence,arousal,dominance,liking,familiarity,participantID
1,7,6.4,7.7,6.6,6.5,3,01-9TZK
2,4,5,3,4,3.1,4,01-9TZK
3,40,3,3.1,5.6,1,1,01-9TZK
4,17,3,2.9,2.7,1,1,01-9TZK
5,23,1,5,4,1,1,01-9TZK
6,2,1.7,6.4,6.1,1,2,01-9TZK
7,32,2.4,5.8,6.2,1,1,01-9TZK
8,14,8.9,2.6,2.7,7.8,5,01-9TZK
9,18,5.9,2.4,4.2,5,4,01-9TZK
10,25,3.8,3.2,3.7,4.4,1,01-9TZK
11,13,7,2.1,2.8,5,1,01-9TZK
12,1,7.5,6.1,6.7,8.8,5,01-9TZK
13,39,1,8.3,8.2,1,1,01-9TZK
14,6,6.7,6.1,4.7,6.9,2,01-9TZK
15,20,9,7.1,7.5,9,5,01-9TZK
16,36,2,6,6.5,1,1,01-9TZK
17,9,6.9,5.8,4.8,7.4,4,01-9TZK
18,37,1,6.8,6.6,1.2,1,01-9TZK
19,27,5.3,2.1,2.8,5.2,2,01-9TZK
20,3,7.6,6.6,4.8,8.4,5,01-9TZK
21,24,1.5,6.9,7.6,6.6,5,01-9TZK
22,26,3,1.5,5.2,2,1,01-9TZK
23,11,7.5,5.3,4.9,6.1,1,01-9TZK
24,34,3.5,6.8,6.6,2.4,1,01-9TZK
25,31,1.2,6.9,8.5,1,1,01-9TZK
26,10,3.1,7.1,6.5,5,1,01-9TZK
27,15,6.2,2.7,3,6.1,2,01-9TZK
28,33,2,3.4,6.5,2.1,1,01-9TZK
29,8,7.7,5,5.7,8.8,5,01-9TZK
30,28,3.6,1.8,2.8,2.8,1,01-9TZK
31,38,1,7,8.6,1,1,01-9TZK
32,19,7.2,5.6,5.7,7.3,4,01-9TZK
33,22,5,5.1,5,3.4,1,01-9TZK
34,30,3.2,7.1,7.1,5.6,2,01-9TZK
35,12,6.7,2.9,2.9,6,1,01-9TZK
36,29,5,4,5,4.4,4,01-9TZK
37,21,3.3,3,3,2,1,01-9TZK
38,5,7.5,6.3,6.9,8.2,5,01-9TZK
1,15,6.9,3,6.3,6.6,1,02-9TZO
2,19,7.6,6.4,5.9,7.6,4,02-9TZO
3,33,3.4,6,6,2.1,3,02-9TZO
4,40,3.2,5.8,5.4,2.2,2,02-9TZO
5,28,3.8,3.6,5.7,3.9,1,02-9TZO
6,24,2.4,3.6,6.3,2.6,4,02-9TZO
7,21,3.5,3,4.2,2,1,02-9TZO
8,14,6.2,3.6,5.7,6.7,4,02-9TZO
9,39,2,6.1,6.4,1.1,1,02-9TZO
10,11,6.7,4.3,4.6,6,1,02-9TZO
11,5,6.8,6.2,6.1,7.9,5,02-9TZO
12,6,6.9,5.6,5.7,8,1,02-9TZO
13,18,7.5,6.1,6.2,7.6,4,02-9TZO
14,25,7.2,2.7,6.1,7.3,1,02-9TZO
15,38,2.1,6.3,5.6,1.2,1,02-9TZO
16,4,7.1,6.1,5.9,8.3,5,02-9TZO
17,29,3.3,5.5,5.7,3.4,4,02-9TZO
18,12,7,1.9,6,7,1,02-9TZO
19,26,3.6,1.1,6.1,2.8,1,02-9TZO
20,1,6.6,5.9,6.1,6.3,5,02-9TZO
21,13,6.4,2.5,6.4,6.3,1,02-9TZO
22,17,6.7,3.7,5.2,5.9,1,02-9TZO
23,34,2.8,5.8,6,1,2,02-9TZO
24,9,6.2,4.9,5.5,7.1,4,02-9TZO
25,27,6.3,2.8,5.8,6.4,1,02-9TZO
26,31,2.9,5.9,6,2.3,1,02-9TZO
27,32,4.4,5.5,4.6,4.3,1,02-9TZO
28,37,2.4,6.3,6.3,1.4,1,02-9TZO
29,20,7.3,3.5,6.4,7.8,1,02-9TZO
30,23,3.2,5.4,4.7,3.5,1,02-9TZO
31,2,6.1,5.8,6,7.8,5,02-9TZO
32,22,7,1.8,6.3,7.4,1,02-9TZO
33,10,3.5,5.8,6.2,3,1,02-9TZO
34,36,2,6.1,6.4,1,1,02-9TZO
35,30,3.3,2.9,5.8,2.7,4,02-9TZO
36,8,7,3.9,6,7.4,5,02-9TZO
37,3,6.6,5.9,5.6,7.9,3,02-9TZO
38,7,7.9,5.9,6.1,8.3,5,02-9TZO
1,6,8.9,7.1,4.8,9,1,03-9U4C
2,21,1,3.2,2.6,1,1,03-9U4C
3,34,2.9,7.8,7.5,9,2,03-9U4C
4,38,3.2,8.1,7.7,9,1,03-9U4C
5,2,8.1,5.9,5,8.9,1,03-9U4C
6,31,2.1,3.3,7.1,9,1,03-9U4C
7,12,5,1.8,5,5,1,03-9U4C
8,1,5,1,5,1,1,03-9U4C
9,32,4.1,6.3,6.7,8.9,1,03-9U4C
10,23,1.9,1,5,1,1,03-9U4C
11,25,4.2,1.1,5,1,1,03-9U4C
12,40,7,7,6.7,9,1,03-9U4C
13,13,3.5,1,5,1,1,03-9U4C
14,17,1.8,1,5,1,1,03-9U4C
15,26,5.4,1,5,5,1,03-9U4C
16,20,7,4,5,9,1,03-9U4C
17,14,5,3,5,5,1,03-9U4C
18,7,6.6,6.8,6.2,9,4,03-9U4C
19,11,7.2,3.6,5,9,1,03-9U4C
20,28,2.4,2.2,5,1,1,03-9U4C
21,15,7.1,5.4,4.6,8.9,1,03-9U4C
22,8,3.5,2.2,5,1,1,03-9U4C
23,9,6.2,5,5,8.9,1,03-9U4C
24,36,3.2,6.2,6.5,9,3,03-9U4C
25,39,2.9,7.6,7.9,9,1,03-9U4C
26,29,3.8,2.1,5,1,1,03-9U4C
27,24,2.4,2.6,5,1,1,03-9U4C
28,33,5.8,5.7,5.7,5,2,03-9U4C
29,3,2.9,2.1,5,1,3,03-9U4C
30,19,2,1.1,5,1,1,03-9U4C
31,18,1.1,1,5,1,1,03-9U4C
32,10,6.6,7,6.8,9,1,03-9U4C
33,22,6.2,3.1,5,5,1,03-9U4C
34,27,4,2.9,5,1,1,03-9U4C
35,4,5,2,5,1,1,03-9U4C
36,30,4.4,4.8,5,1,1,03-9U4C
37,37,1.7,3.1,3.7,1,1,03-9U4C
38,5,1.6,4.4,5,1,1,03-9U4C
1,17,4,3,6.6,6.7,1,04-9U66
2,2,8.7,7.7,3.1,8.5,5,04-9U66
3,12,5.2,2.7,8.7,2.6,1,04-9U66
4,23,1.6,5.7,2.5,1,1,04-9U66
5,30,2.8,6.5,5.3,7,3,04-9U66
6,40,6.5,7.6,4.2,5.6,1,04-9U66
7,22,5.5,2.6,6.3,6,1,04-9U66
8,19,8.2,7.5,3.2,6.5,3,04-9U66
9,25,2.6,1.7,4.2,4.1,1,04-9U66
10,1,7.8,7.3,5.3,7.1,4,04-9U66
11,3,8.3,8.2,2,8.4,3,04-9U66
12,4,8.5,6.8,4.6,7.6,2,04-9U66
13,18,8.6,3.4,4.1,7.8,2,04-9U66
14,14,8.5,4.3,2.5,8.5,4,04-9U66
15,11,9,8.7,1.5,9,1,04-9U66
16,28,2.3,3.6,3.7,6.6,1,04-9U66
17,5,8.3,8.8,3.4,8.6,4,04-9U66
18,31,3.7,7.6,3.1,2.2,1,04-9U66
19,9,8.8,7.4,3.1,8.5,3,04-9U66
20,10,6.3,8.6,3.7,7.9,2,04-9U66
21,32,1.8,8.2,1.4,1.4,1,04-9U66
22,15,7.4,1.7,6.1,5.3,1,04-9U66
23,27,6.5,3.6,7,5.7,1,04-9U66
24,29,3.9,4.1,6,4,1,04-9U66
25,34,1.9,5.4,3.3,2,1,04-9U66
26,33,3.5,6.3,6,4.1,1,04-9U66
27,6,8.9,8.2,2.1,8.6,4,04-9U66
28,8,8.5,6.6,3.3,8,3,04-9U66
29,20,8.6,8.4,1.9,6.8,4,04-9U66
30,37,1.2,8.7,1.2,1,1,04-9U66
31,26,6.4,3.1,4.4,6.4,1,04-9U66
32,39,2.4,7.4,2.3,1.9,1,04-9U66
33,36,3.6,5.7,5.3,2.8,1,04-9U66
34,21,2.5,3.5,7,3.2,1,04-9U66
35,24,3.8,4.4,3.2,7.1,2,04-9U66
36,13,7.6,1.9,2.4,7.3,1,04-9U66
37,38,1.4,7.2,1.8,1.3,1,04-9U66
38,7,6.5,7.9,4.3,7.6,3,04-9U66
1,27,5.3,5.2,8.9,6.9,1,05-9U8B
2,5,8,7,4.7,8.1,1,05-9U8B
3,22,6.9,5.3,5.7,8.2,1,05-9U8B
4,11,6.9,5.3,7.7,5.2,1,05-9U8B
5,6,6.1,6,7.8,7.7,1,05-9U8B
6,7,4.1,5.7,8.3,5,1,05-9U8B
7,19,7,5.4,8,6.8,1,05-9U8B
8,24,4.1,6.8,7.2,8.3,1,05-9U8B
9,26,4.8,4,8.2,4.3,1,05-9U8B
10,2,5,5.9,7.6,5.8,1,05-9U8B
11,28,4.4,5,8.5,7.3,1,05-9U8B
12,15,6.7,3,8.3,7.9,1,05-9U8B
13,9,7,6.9,7.2,8,1,05-9U8B
14,4,6,3.7,8.1,5.5,1,05-9U8B
15,20,7.2,6,7.3,8.7,3,05-9U8B
16,21,3.4,4.2,8.3,2.3,1,05-9U8B
17,12,7.6,5.9,7.3,8.7,1,05-9U8B
18,14,7.8,5.7,6.9,8.4,1,05-9U8B
19,13,5.8,3,8.7,5.3,1,05-9U8B
20,40,3.2,5.7,8,3.5,1,05-9U8B
21,8,5,6,8.2,7.3,1,05-9U8B
22,29,4.2,5,8.6,6.5,1,05-9U8B
23,23,3.3,3.2,8.7,5,2,05-9U8B
24,30,3,6.3,7.6,8.3,2,05-9U8B
25,34,5.7,7.5,6.9,7.4,1,05-9U8B
26,37,2.3,6.5,6.5,8.5,1,05-9U8B
27,25,5,4.5,8.4,3,1,05-9U8B
28,33,4,4.1,8.7,5.7,1,05-9U8B
29,38,2.1,5.4,7.6,6,1,05-9U8B
30,1,7.6,5.5,8.3,8.6,1,05-9U8B
31,39,2,6.3,7.6,7.1,1,05-9U8B
32,31,4.6,5,8.3,5.3,1,05-9U8B
33,17,5,4,8.8,3.4,1,05-9U8B
34,36,3.8,4,8.8,5.9,1,05-9U8B
35,10,4.2,6,8.3,6.5,1,05-9U8B
36,32,3.6,4.2,8.5,6.9,1,05-9U8B
37,18,6.9,5.6,7.5,7.8,1,05-9U8B
38,3,7.8,6.5,7.4,8.8,2,05-9U8B
1,6,3.4,6.7,4.1,2.6,1,06-9UA7
2,27,4.1,4,3.8,3.2,1,06-9UA7
3,9,7.5,5.6,3.7,6.9,3,06-9UA7
4,30,1.5,3,3.7,5.4,5,06-9UA7
5,20,7.4,5.3,4.2,7.9,5,06-9UA7
6,34,3.2,7,4.1,1,1,06-9UA7
7,7,2.4,3,3.5,1,3,06-9UA7
8,24,3.1,3,3.6,7.5,5,06-9UA7
9,5,6.9,4.6,3.1,7.3,4,06-9UA7
10,15,5,3.2,3.6,3.6,1,06-9UA7
11,13,5.4,3.1,3.6,5.8,1,06-9UA7
12,37,1.1,9,1.6,1,1,06-9UA7
13,33,4,5,2.8,1.2,1,06-9UA7
14,36,4.2,5.4,2.7,1.1,1,06-9UA7
15,38,3.8,5.5,3.4,1,1,06-9UA7
16,40,3.7,5.6,2.8,1.1,1,06-9UA7
17,39,3.1,6.2,3.4,1.1,1,06-9UA7
18,19,5.3,5.2,3.6,7.3,3,06-9UA7
19,18,6.4,4.4,3.2,7.3,4,06-9UA7
20,8,6.5,4.4,3.2,8.8,4,06-9UA7
21,10,4.5,5.5,3,1,1,06-9UA7
22,32,3.2,5.7,3.1,1,1,06-9UA7
23,23,3.8,4.3,3,1.9,1,06-9UA7
24,21,4.1,4.1,2.7,5.3,1,06-9UA7
25,14,6.2,5.5,3.4,9,5,06-9UA7
26,12,6.6,4.6,3.5,6.8,1,06-9UA7
27,29,4.6,5.3,3.7,9,5,06-9UA7
28,22,5,4,3.2,6,1,06-9UA7
29,25,4.8,3.7,2.9,8.9,5,06-9UA7
30,1,6.9,3.6,2.6,6.8,5,06-9UA7
31,2,5.1,4.1,3.3,5.8,1,06-9UA7
32,3,7.1,5,3.2,8.6,5,06-9UA7
33,28,5,2.9,3.1,7.6,4,06-9UA7
34,17,5,2.4,2.5,2.2,1,06-9UA7
35,11,5.8,3.1,2.8,7.8,2,06-9UA7
36,26,5,1.7,3,3,1,06-9UA7
37,31,3.1,2.6,3.8,1,1,06-9UA7
38,4,6.5,4,4,8.8,4,06-9UA7
1,22,3.2,3.2,6.6,5,1,07-9UAD
2,15,5,5,5.7,3,1,07-9UAD
3,23,4.5,2.9,7.2,7.2,1,07-9UAD
4,5,7.3,3,7.7,9,3,07-9UAD
5,26,5,5,5.9,2.5,1,07-9UAD
6,1,4,5,6.2,2.8,1,07-9UAD
7,29,6.4,4.6,6.1,7.1,2,07-9UAD
8,31,4.6,3.2,6.5,5,1,07-9UAD
9,37,4.4,3.8,5.3,5,1,07-9UAD
10,4,4.4,3.6,6,3.4,1,07-9UAD
11,25,3.7,4.7,5.5,3.1,1,07-9UAD
12,7,7.2,5.7,5.3,9,5,07-9UAD
13,27,5,4.8,5.7,2.7,1,07-9UAD
14,12,6.1,4.1,5.9,7,1,07-9UAD
15,30,5,4.1,5.7,3.6,1,07-9UAD
16,8,6.1,3.9,6.2,7,4,07-9UAD
17,9,6.9,3.8,6.8,9,5,07-9UAD
18,28,5,2.3,5.8,4.9,1,07-9UAD
19,24,5,4.4,6,3.4,1,07-9UAD
20,13,5,3.1,6.3,3.4,1,07-9UAD
21,10,6.6,4.5,6.1,7.7,2,07-9UAD
22,6,6.8,4.9,4.8,9,3,07-9UAD
23,36,6.5,4.4,5.5,7.1,2,07-9UAD
24,38,6.2,4.8,5.1,6.5,1,07-9UAD
25,40,6.1,5,5.3,6.9,1,07-9UAD
26,32,6.3,3.8,5,6.5,2,07-9UAD
27,33,5.1,3.6,6,3.6,1,07-9UAD
28,11,6.4,4.4,5.7,6.9,2,07-9UAD
29,39,5.8,4.7,5.3,5,1,07-9UAD
30,17,5,4.8,5,4.2,1,07-9UAD
31,19,6.9,5.1,4.8,9,1,07-9UAD
32,2,7.9,5.1,4.5,9,5,07-9UAD
33,20,7,4,6.5,9,5,07-9UAD
34,14,7,3,6.7,9,5,07-9UAD
35,34,5.5,5.7,4,5.9,1,07-9UAD
36,18,7.1,4.6,4.1,9,5,07-9UAD
37,21,5,3.1,4.5,2.7,1,07-9UAD
38,3,7.1,5,6,9,5,07-9UAD
1,30,2.8,1,6.7,8.9,4,08-9UB2
2,21,3,3,4.7,1,1,08-9UB2
3,10,5,3.1,6.8,1,1,08-9UB2
4,28,3.5,5,6.6,6.6,1,08-9UB2
5,12,7.1,3,6.7,9,1,08-9UB2
6,7,7,6.9,4.7,9,1,08-9UB2
7,39,5,1.1,6.8,1,1,08-9UB2
8,15,5,3,6.8,6.9,1,08-9UB2
9,6,6.9,5,6.7,7.3,1,08-9UB2
10,22,3,1.8,6.6,8.9,1,08-9UB2
11,23,2.2,6.8,4.6,2.7,1,08-9UB2
12,3,6.1,2.7,6.7,7,1,08-9UB2
13,26,5,2.2,9,2,1,08-9UB2
14,36,1.1,2.9,6.6,1,1,08-9UB2
15,31,2.1,1.9,7.7,1,1,08-9UB2
16,37,1,3.2,5.8,1,1,08-9UB2
17,14,4.2,1,6.8,3,1,08-9UB2
18,25,4.1,2.5,6.7,8,1,08-9UB2
19,38,3.1,1.5,6.8,1,1,08-9UB2
20,34,5,1,9,1,1,08-9UB2
21,27,6.5,3,6.7,9,1,08-9UB2
22,4,7.1,3.4,5.6,9,1,08-9UB2
23,33,5.1,6.7,6.9,1,1,08-9UB2
24,40,5,5,6.7,9,1,08-9UB2
25,11,7,3,5.7,9,1,08-9UB2
26,8,7,4.4,6.8,9,1,08-9UB2
27,20,7,6,8.6,9,1,08-9UB2
28,2,3,3,8.2,1,1,08-9UB2
29,18,5,1.7,8.9,5.9,1,08-9UB2
30,19,6.5,5,7.9,9,1,08-9UB2
31,32,5,2.4,8,1,1,08-9UB2
32,24,3.1,5,6.9,8,1,08-9UB2
33,1,5,3.7,9,8.6,1,08-9UB2
34,5,5,1,9,7.1,4,08-9UB2
35,29,5,1,9,7.3,1,08-9UB2
36,13,6.5,1.6,8.7,7.7,1,08-9UB2
37,17,5.8,1.5,9,6.9,1,08-9UB2
38,9,6.2,3.8,8.1,9,1,08-9UB2
1,26,7.5,3,5.4,8.9,4,09-9UDP
2,3,6.4,6.9,5,5.6,3,09-9UDP
3,20,8.5,7.2,6.6,9,5,09-9UDP
4,25,5.2,4.4,2.8,2.1,2,09-9UDP
5,7,3.8,5.1,4.9,4,2,09-9UDP
6,4,6.1,5.9,5.4,6.5,3,09-9UDP
7,10,2.1,6.2,5.8,1,2,09-9UDP
8,21,3,3.1,6,1,2,09-9UDP
9,36,1.4,6.4,6.2,1,2,09-9UDP
10,9,7.2,6.7,6.7,6.7,3,09-9UDP
11,15,5.1,4.8,5.1,5.1,2,09-9UDP
12,29,4.2,5.9,6.4,6.9,3,09-9UDP
13,24,8.2,7.5,7.6,9,4,09-9UDP
14,13,4.7,3.5,2.6,2.5,1,09-9UDP
15,2,5.7,6.1,6.8,7.3,4,09-9UDP
16,30,2.7,7.6,7.6,6.5,3,09-9UDP
17,11,8.6,7,7.3,7.8,3,09-9UDP
18,27,7.3,7.5,6.6,7.1,4,09-9UDP
19,17,5.2,4.6,4.6,4.9,2,09-9UDP
1,19,6.9,5.5,5.7,6.7,5,10-9UHM
2,9,7.7,6.1,5.6,9,5,10-9UHM
3,6,6.7,5.7,5.6,6.9,1,10-9UHM
4,21,5.5,4.4,5.5,5.2,1,10-9UHM
5,13,6,4.5,5.8,5.5,2,10-9UHM
6,5,6.2,5.5,5.6,6.6,5,10-9UHM
7,31,5.7,5.5,5.3,5.4,1,10-9UHM
8,25,6,4.2,5.8,5.5,1,10-9UHM
9,12,6.1,4.6,5.3,4.6,1,10-9UHM
10,8,6,4.9,5.4,6.8,5,10-9UHM
11,7,5.8,5.1,5.4,5.7,5,10-9UHM
12,10,5.7,5.6,5,7.4,1,10-9UHM
13,36,5.8,5.5,5.9,7.2,3,10-9UHM
14,37,5.4,6.7,4.5,6.4,1,10-9UHM
15,38,5.6,5.4,5.7,5.7,1,10-9UHM
16,2,5.6,4.4,5.5,4.8,1,10-9UHM
17,27,5.5,4.9,5.5,4.6,2,10-9UHM
18,1,5.4,6.2,4.3,4.6,5,10-9UHM
19,29,6.5,6.4,4.4,8.8,5,10-9UHM
20,4,7.1,6.7,5.4,7.1,5,10-9UHM
21,18,7.4,3.9,4.8,9,5,10-9UHM
22,11,6.3,5.7,5.4,6.6,3,10-9UHM
23,14,7,5.7,5.6,7.7,5,10-9UHM
24,40,5.3,6.4,4.6,4.5,3,10-9UHM
25,23,4.1,4.2,4.3,3.9,2,10-9UHM
26,28,4.6,4,5.7,5.5,1,10-9UHM
27,22,4.3,5.1,4.8,6.1,4,10-9UHM
28,17,6,4.2,5.6,6.1,1,10-9UHM
29,32,5.7,6.3,4.3,6.2,2,10-9UHM
30,26,5.4,3.6,4.6,6.4,2,10-9UHM
31,20,6.9,5.9,4.5,7.3,5,10-9UHM
32,15,7.3,4.4,4.5,7.6,1,10-9UHM
33,34,5.8,7.1,4.1,6.6,3,10-9UHM
34,24,3.9,5.4,5.5,6.2,5,10-9UHM
35,33,6.1,7,4,6.5,4,10-9UHM
36,30,2.5,5.8,3.7,2.6,3,10-9UHM
37,39,3.8,6.9,4.2,4.2,2,10-9UHM
38,3,7,6.5,4.1,7.4,5,10-9UHM
1,14,6.9,5,6.5,8.7,5,11-9UIZ
2,6,7.9,6.6,7.3,8,4,11-9UIZ
3,12,7.7,1.8,4.1,8.8,1,11-9UIZ
4,19,6.7,5,6.7,6.5,5,11-9UIZ
5,13,6.7,2.8,7.2,7.4,2,11-9UIZ
6,38,6.3,6.8,6.5,5,3,11-9UIZ
7,1,7.7,7.3,6.3,7.4,5,11-9UIZ
8,11,9,5,7.1,8.8,1,11-9UIZ
9,5,8.6,6.4,8.2,8.8,5,11-9UIZ
10,8,8.2,5,7.2,8.1,5,11-9UIZ
11,21,3,3.2,6.8,7,3,11-9UIZ
12,33,6.1,6.2,8,6.5,4,11-9UIZ
13,4,9,6.4,6.8,7.6,5,11-9UIZ
14,29,3.9,6.8,4.3,8.4,5,11-9UIZ
15,22,3.8,3.6,5.4,2.9,1,11-9UIZ
16,9,8.1,6.3,6.5,9,5,11-9UIZ
17,26,3.7,3.8,6.9,5.2,1,11-9UIZ
18,32,5,5.9,5,5,2,11-9UIZ
19,28,3.5,5,5.6,6.6,1,11-9UIZ
20,30,2.2,6.3,4,5,5,11-9UIZ
21,2,6.4,6.4,6.6,6.9,5,11-9UIZ
22,40,5.9,7.1,7.1,6.7,3,11-9UIZ
23,3,6.9,4.8,5.7,6.7,5,11-9UIZ
24,39,5,6.8,6.9,3.8,2,11-9UIZ
25,24,3.3,3.7,6.9,6,5,11-9UIZ
26,37,3.1,7,3.7,1,1,11-9UIZ
27,31,5,5,8.5,4.1,1,11-9UIZ
28,20,6.5,5,6.6,3.5,1,11-9UIZ
29,23,5,5,5,5,1,11-9UIZ
30,15,9,5,6.6,7.1,1,11-9UIZ
31,25,6.9,3.1,6.9,7.1,1,11-9UIZ
32,7,7,6.5,5.5,7.2,5,11-9UIZ
33,34,4.4,6.3,6.9,2.4,2,11-9UIZ
34,17,3,4.9,5,5,4,11-9UIZ
35,10,5,7.2,7,6.2,3,11-9UIZ
36,36,3.4,6.9,6.5,5,1,11-9UIZ
37,27,7.2,6.1,6.6,6.8,1,11-9UIZ
38,18,9,6.8,7.9,9,5,11-9UIZ
1,8,2,3.9,9,1,5,12-9UN3
2,36,6.1,4.3,9,5.8,1,12-9UN3
3,19,7.6,2,7,7.2,5,12-9UN3
4,29,5.9,1.5,7.3,7.6,5,12-9UN3
5,14,4,4.5,9,3.4,5,12-9UN3
6,7,9,6.9,9,9,5,12-9UN3
7,34,5.3,3.9,7.6,5.7,1,12-9UN3
8,6,6.8,4.1,9,7,4,12-9UN3
9,24,1,2.6,4.7,6.5,5,12-9UN3
10,18,6.3,2.2,6.5,6.2,5,12-9UN3
11,37,7.1,6,9,6.3,1,12-9UN3
12,13,6,3,9,5.8,2,12-9UN3
13,5,5.8,2.4,8.1,5.7,5,12-9UN3
14,30,7,3.2,7.1,9,2,12-9UN3
15,3,6.3,3.7,9,5.9,5,12-9UN3
16,32,5.9,3.6,7.5,6.7,4,12-9UN3
17,33,4.5,3.3,9,4.8,1,12-9UN3
18,40,5.9,3.6,7.5,6.6,1,12-9UN3
19,26,5,3,9,5.4,2,12-9UN3
20,21,3.4,5.6,9,2.6,1,12-9UN3
21,27,6,3.1,7.2,6.3,1,12-9UN3
22,22,3.6,2.7,9,4.7,1,12-9UN3
23,1,2.2,6.7,9,2.5,5,12-9UN3
24,12,5.8,1,7.3,5.5,1,12-9UN3
25,25,6.1,3,6.1,6.7,1,12-9UN3
26,10,6.7,3.2,6.8,7.5,2,12-9UN3
27,2,9,7,5.3,9,5,12-9UN3
28,23,4.5,3,9,5.7,1,12-9UN3
29,39,5.4,4.3,7.1,6.5,1,12-9UN3
30,38,5.5,4.3,7.1,6.5,1,12-9UN3
31,9,4,2.3,8.9,4.4,5,12-9UN3
32,11,6.2,2.3,7.2,5.8,4,12-9UN3
33,17,6.1,3.1,7.1,6.2,5,12-9UN3
34,20,6.5,2.9,5.9,6.6,5,12-9UN3
35,28,4.2,2.3,8,4,1,12-9UN3
36,15,4.5,3,9,3.2,1,12-9UN3
37,31,4,4,9,3.1,1,12-9UN3
38,4,5,3.4,9,5.8,5,12-9UN3
1,12,5.9,3.1,5.9,5.7,1,13-9UOF
2,15,4.3,3.4,5.9,4.3,1,13-9UOF
3,19,7.7,6.7,6.1,6.9,4,13-9UOF
4,10,6.3,7.2,6.6,5.8,1,13-9UOF
5,32,4.4,4,5.5,3,1,13-9UOF
6,18,6.9,5.9,6.1,8.2,3,13-9UOF
7,23,4.6,4.5,5.6,6.2,1,13-9UOF
8,13,5,4.3,4.1,3.3,1,13-9UOF
9,6,5.8,4.5,3.8,5.5,1,13-9UOF
10,37,5.5,7,5.5,3.9,1,13-9UOF
11,40,5,5.9,4.3,5.5,1,13-9UOF
12,39,4,5.8,5.7,4.1,1,13-9UOF
13,29,5.5,5.8,4.2,4.6,1,13-9UOF
14,2,6.2,6.2,5.4,6.4,5,13-9UOF
15,30,6.1,6.6,6.4,7.2,4,13-9UOF
16,36,3.3,5.8,4.2,4.1,1,13-9UOF
17,7,7,6.9,7.1,8.2,5,13-9UOF
18,20,7,5,5.9,7.6,1,13-9UOF
19,31,5,5.1,3.7,5.7,1,13-9UOF
20,5,7.7,7,5.5,7.7,5,13-9UOF
21,11,6.8,5.8,5.7,6.2,1,13-9UOF
22,33,4.5,6.5,4.2,4.4,1,13-9UOF
23,1,6.5,6.4,6.3,7.6,5,13-9UOF
24,24,3.3,5.5,5.6,7.3,3,13-9UOF
25,26,5,3.5,3.7,3.8,1,13-9UOF
26,34,5.8,8.2,6.7,5.9,1,13-9UOF
27,3,7.5,8.3,6.5,7.7,5,13-9UOF
28,4,6.2,6,5.5,6,1,13-9UOF
29,38,5,6.8,5.5,4.1,1,13-9UOF
30,17,5,3.6,3.5,5.3,1,13-9UOF
31,22,4.2,5.2,5.8,6.1,1,13-9UOF
32,14,7.6,6.9,6.4,7.5,5,13-9UOF
33,25,5,5,4.1,5.7,1,13-9UOF
34,28,5,4,3.7,5.5,1,13-9UOF
35,8,6.8,7.1,5.9,7.7,5,13-9UOF
36,21,4,4.1,5.6,5.7,1,13-9UOF
37,27,5.5,4.2,4.2,5.7,1,13-9UOF
38,9,7.2,6.6,6.4,7.4,4,13-9UOF
1,6,7,7.2,7.1,7.1,4,14-9UP0
2,31,6.1,7,6.8,2,1,14-9UP0
3,23,4.8,6.7,6.8,3.8,1,14-9UP0
4,14,7.4,6.2,7,7.5,4,14-9UP0
5,34,6.1,6.3,6.8,1,1,14-9UP0
6,37,5.7,5.6,6.7,1,1,14-9UP0
7,36,3.2,5.5,4.6,3.7,2,14-9UP0
8,1,5.1,7,6.4,6.4,4,14-9UP0
9,24,3.7,6.3,5.7,3.3,4,14-9UP0
10,22,5.7,5.4,6.7,8.7,1,14-9UP0
11,8,6,5.5,7.4,6.7,4,14-9UP0
12,17,5,6,7.4,6.5,2,14-9UP0
13,25,3.1,4.3,6.2,2.9,1,14-9UP0
14,27,4.1,4.4,5.6,3.7,1,14-9UP0
15,28,2.5,6.2,2.3,8.2,4,14-9UP0
16,30,3,5.9,3.5,5.5,2,14-9UP0
17,32,3.5,4.6,5.6,3.4,1,14-9UP0
18,39,3.4,5.3,5.4,1.6,1,14-9UP0
19,11,5.5,5.4,6,6.7,1,14-9UP0
20,40,5.9,5.6,7.7,1.4,1,14-9UP0
21,4,8,6.5,7,8.6,5,14-9UP0
22,29,6.4,5.6,5.8,6.6,5,14-9UP0
23,9,6.6,6.5,6.3,7.7,4,14-9UP0
1,39,6.6,6.5,5.6,3.6,1,15-9UR2
2,12,7.4,3.1,6.9,6.5,2,15-9UR2
3,18,7.9,2.8,6.2,7.7,5,15-9UR2
4,21,4.1,6.2,4.1,4.3,1,15-9UR2
5,31,4.3,5.7,4.6,4.5,2,15-9UR2
6,1,6.8,6,4.4,5.8,5,15-9UR2
7,4,8,7.6,3.2,8.5,5,15-9UR2
8,23,3.8,4.2,5.9,4.4,4,15-9UR2
9,19,8,6,6.2,9,5,15-9UR2
10,3,9,6.6,4.2,9,5,15-9UR2
11,40,6.3,4.2,5.6,5.4,3,15-9UR2
12,25,4.3,4.1,5.7,4,1,15-9UR2
13,5,7.5,5.4,4.4,8.3,5,15-9UR2
14,2,4.2,6.6,3.9,3,2,15-9UR2
15,6,5.3,6.5,4.3,3.3,2,15-9UR2
16,26,5.8,4,6.2,5.8,1,15-9UR2
17,14,6.5,4.5,5.7,6.8,4,15-9UR2
18,34,3.5,7.1,3.6,2.4,1,15-9UR2
19,17,5.5,5.4,5.4,5.7,1,15-9UR2
20,7,4,6.4,3.6,1,5,15-9UR2
21,37,1,7.8,2.5,1,1,15-9UR2
22,13,8.1,6,6.1,8.2,1,15-9UR2
23,32,4.6,6.2,4.3,3.9,2,15-9UR2
24,8,7.9,6.9,3.2,7.8,5,15-9UR2
25,24,2,6.1,2.8,8.5,5,15-9UR2
26,29,1.5,6.8,3.3,9,5,15-9UR2
27,11,8.5,6.2,3.8,8.3,1,15-9UR2
28,36,4,6.6,3.7,5.7,2,15-9UR2
29,30,1.5,7.2,2.5,5.6,4,15-9UR2
30,20,7.2,6.2,4.3,5,5,15-9UR2
31,27,7.2,6.7,3.7,7.4,3,15-9UR2
32,28,2.9,6.1,3.9,6.4,1,15-9UR2
33,10,3.4,7.1,3.4,2.7,1,15-9UR2
34,33,3.6,6.7,3.3,3.3,1,15-9UR2
35,22,4.8,4.5,6.3,6.8,1,15-9UR2
36,15,7.2,4.2,6,6.3,1,15-9UR2
37,38,2.4,7,3.5,1,1,15-9UR2
38,9,7.2,5.9,5.7,7.7,5,15-9UR2
1,1,8.6,6.2,7.6,6.8,3,16-9USC
2,25,5.9,2.4,6.9,3.1,1,16-9USC
3,36,2,6.6,1.3,1,1,16-9USC
4,12,7.2,2.1,4.6,7.1,1,16-9USC
5,23,3.5,3.1,2.1,1,1,16-9USC
6,2,7.1,5,5,9,5,16-9USC
7,21,5,5,5,3.3,1,16-9USC
8,14,7.3,7,6.7,7.1,3,16-9USC
9,5,6,6.2,6.2,6.7,3,16-9USC
10,31,4.4,5.8,3.7,1,1,16-9USC
11,30,5,5,5,4.2,4,16-9USC
12,19,7.3,5,5.8,7.1,3,16-9USC
13,26,5.9,5,5,6.8,1,16-9USC
14,37,1,7.1,4.5,1,1,16-9USC
15,4,6.9,5,5,6.3,3,16-9USC
16,15,6.3,3.6,5,5.9,1,16-9USC
17,17,5,1.2,5,1,1,16-9USC
18,22,5,1.9,2.4,1.1,1,16-9USC
19,39,2.2,3.4,2.8,1,1,16-9USC
20,24,3.3,2.5,2.6,7.9,5,16-9USC
21,6,7,6.2,5,6.4,1,16-9USC
22,32,4.2,4.1,3.3,1,1,16-9USC
23,27,5,5,5,5.6,3,16-9USC
24,33,5,4.4,5.7,1,1,16-9USC
25,29,6.1,3.3,3.7,6.2,4,16-9USC
26,11,7.2,4,5.7,7.8,1,16-9USC
27,28,4.5,4.2,4.5,7.7,1,16-9USC
28,20,8,6.4,7.3,9,5,16-9USC
29,7,7.7,7.1,7.2,7.4,5,16-9USC
30,40,4.6,4.6,5.8,1.1,1,16-9USC
31,13,6.2,4.1,5.8,6.5,1,16-9USC
32,38,3.1,5.6,3.8,1,1,16-9USC
33,8,6.8,4.4,5.4,6.5,4,16-9USC
34,3,8.1,6.1,7.3,8.5,5,16-9USC
35,34,4.6,5,5,3,1,16-9USC
36,9,7.9,5.9,6.8,9,5,16-9USC
37,10,4.3,5,5.7,4,1,16-9USC
38,18,3.6,2.2,1.8,8.9,4,16-9USC
1,30,3,1.4,4.7,5,1,17-9UTL
2,7,4.9,1,9,1,1,17-9UTL
3,10,5,2.9,9,1,1,17-9UTL
4,21,3,1,6.7,1,1,17-9UTL
5,31,1,5,2.6,1,1,17-9UTL
6,32,1,2.9,4.8,1,1,17-9UTL
7,13,6.1,4.1,9,5,1,17-9UTL
8,14,8,7.1,6.6,9,5,17-9UTL
9,23,2.7,3.2,6.7,1,3,17-9UTL
10,34,5,1,9,1,1,17-9UTL
11,19,5,1,9,2.7,1,17-9UTL
12,3,7.1,6,6.6,7,2,17-9UTL
13,25,7,3,9,6.7,1,17-9UTL
14,26,4.9,1,9,3.1,1,17-9UTL
15,28,3.1,1,6.6,1,1,17-9UTL
16,39,3.1,1,6.6,1,1,17-9UTL
17,2,5,2.9,6.9,2.4,1,17-9UTL
18,37,3.1,5,6.9,1,1,17-9UTL
19,36,5,3.1,9,1,1,17-9UTL
20,33,2.8,1,7.8,1,1,17-9UTL
21,6,6.2,6.1,7.7,6,1,17-9UTL
22,9,7,6,7.8,7.9,5,17-9UTL
23,17,5,1,9,1.7,1,17-9UTL
24,27,6,5.8,8.9,6.2,3,17-9UTL
25,18,8,6.9,6.7,8.9,5,17-9UTL
26,11,6.2,6,7.8,6.9,2,17-9UTL
27,1,5,1.2,8.9,2.7,1,17-9UTL
28,40,5,1,9,3.2,1,17-9UTL
29,12,5,1,9,5.1,1,17-9UTL
30,20,7,7,6.7,9,5,17-9UTL
31,38,3.1,1,6.9,1,1,17-9UTL
32,8,7.1,6,7.1,6.8,2,17-9UTL
33,4,5,3.1,8.7,5.1,1,17-9UTL
34,15,6.9,6,8.6,7.1,1,17-9UTL
35,29,3,6,5.8,7.3,5,17-9UTL
36,22,6.8,2.9,7,5.8,1,17-9UTL
37,24,4.3,3,6.6,9,5,17-9UTL
38,5,5,1.3,8.8,5,2,17-9UTL
1,2,9,6.9,3.4,9,5,18-9UVM
2,23,2.7,2.2,7.8,1,1,18-9UVM
3,1,6.4,2.9,9,3.7,1,18-9UVM
4,22,3.8,7.9,1.9,7.3,1,18-9UVM
5,25,3.8,3.3,7.4,9,1,18-9UVM
6,18,7.2,1.6,9,7.1,4,18-9UVM
7,20,6.5,4,7.6,6.2,1,18-9UVM
8,27,5,2.6,8.5,5,1,18-9UVM
9,30,3.5,2.1,9,2,3,18-9UVM
10,17,5.8,1.9,9,6,1,18-9UVM
11,24,1.5,7.2,2.7,9,4,18-9UVM
12,15,6.9,3.9,7.3,6.4,1,18-9UVM
13,36,2.8,1.9,8.9,1.8,1,18-9UVM
14,21,3.1,2,9,4,1,18-9UVM
15,38,3.8,1.7,8.8,2.9,1,18-9UVM
16,14,8.7,7,2.8,9,4,18-9UVM
17,12,7,6,5.3,7.3,1,18-9UVM
18,34,4.1,2.3,9,1,1,18-9UVM
19,5,7.9,7.2,3.3,9,4,18-9UVM
20,31,3.1,4,8,5.7,1,18-9UVM
21,13,7.1,5.7,4.4,7.5,1,18-9UVM
22,26,3.1,2.1,8.2,3,1,18-9UVM
23,10,3.6,3.2,7.9,3.2,1,18-9UVM
24,29,3.6,3.9,7.6,7.2,3,18-9UVM
25,4,6.6,3.5,7.8,6.4,1,18-9UVM
26,37,3,2,9,1,1,18-9UVM
27,39,3.1,1.7,8.9,1.7,1,18-9UVM
28,33,4.6,1,9,1,1,18-9UVM
29,11,7.3,4.4,6.3,7.1,1,18-9UVM
30,32,6.3,6,6.7,5.7,5,18-9UVM
31,28,4,3.5,7.2,6.2,1,18-9UVM
32,6,8.5,7.3,3.2,9,4,18-9UVM
33,8,7.1,5.9,3.6,9,1,18-9UVM
34,19,6.9,3.8,6.2,5.7,1,18-9UVM
35,9,7,6.6,3.7,8.9,4,18-9UVM
36,40,4.2,1.9,8.3,1.9,1,18-9UVM
37,7,8.2,8.1,1.4,9,4,18-9UVM
38,3,6.9,6.6,4.1,7.5,1,18-9UVM
1,22,6,2.5,7.1,6.9,2,19-9UY7
2,28,6.3,2.3,6.8,6.2,2,19-9UY7
3,24,5.9,3.5,6.7,3.1,4,19-9UY7
4,23,5.3,2.7,7,3.5,3,19-9UY7
5,19,6.5,2.9,6.7,6.8,4,19-9UY7
6,32,6,3.5,6.8,5.7,3,19-9UY7
7,33,6.8,3.7,6.7,6.9,3,19-9UY7
8,27,4,3.1,6.3,3.1,3,19-9UY7
9,29,5.8,2.4,7.3,5.8,3,19-9UY7
10,8,6.8,2.6,6.9,6.2,5,19-9UY7
11,26,7.1,1.5,6.2,7.6,2,19-9UY7
12,39,6.7,3.7,6.7,6.9,3,19-9UY7
13,9,7.3,3.2,6.2,8.4,5,19-9UY7
14,21,5,3,6.7,5.1,2,19-9UY7
15,4,5.9,3,6.3,6.6,5,19-9UY7
16,14,6,2.4,6.3,5.7,4,19-9UY7
17,10,7.4,4.6,5.9,8.4,4,19-9UY7
18,13,6.6,2,6.8,7,2,19-9UY7
19,34,3,3.9,6.2,1.9,2,19-9UY7
20,38,6.4,3,6.9,6.9,2,19-9UY7
21,40,6.6,3,7,7,3,19-9UY7
22,11,7,2.8,6.6,6.6,2,19-9UY7
23,36,6.9,3.7,6.6,7.7,4,19-9UY7
24,1,5.6,2.8,6.7,4.9,4,19-9UY7
25,37,3.6,4.5,5.8,3,3,19-9UY7
26,15,5.6,2.9,6.8,6.4,2,19-9UY7
27,25,5,2.6,6.9,4.4,2,19-9UY7
28,17,6.4,2.4,7.2,6.7,3,19-9UY7
29,6,6.9,3.4,6.5,6.8,4,19-9UY7
30,31,5.2,3,6.8,4.4,2,19-9UY7
31,5,5.2,4,5.3,7.2,4,19-9UY7
32,3,6.5,2.6,6.4,6.9,4,19-9UY7
33,20,5,2.5,6.8,3.7,2,19-9UY7
34,12,6.8,2.3,6.9,7.1,2,19-9UY7
35,18,7.5,1.7,6.7,8.3,5,19-9UY7
36,2,7.3,3.5,6.7,8,5,19-9UY7
37,30,5.4,2.9,6.8,6.7,3,19-9UY7
38,7,6.6,2.9,6.6,7.5,5,19-9UY7
1,25,4.5,5.6,5.3,4.2,2,20-9V52
2,23,5,5,9,1,1,20-9V52
3,19,7.8,6,6,8,5,20-9V52
4,27,4.9,5.9,5.4,3.7,1,20-9V52
5,36,3.8,6.9,3.1,1,1,20-9V52
6,15,8.6,2.7,6.6,7.3,5,20-9V52
7,4,8.2,8.2,6,8.6,5,20-9V52
8,11,9,6,7.9,9,2,20-9V52
9,9,8.4,5.9,5.2,9,5,20-9V52
10,20,8.7,5.4,6.7,9,2,20-9V52
11,30,2.9,3.4,4,7.1,4,20-9V52
12,13,8,5.1,4.9,9,2,20-9V52
13,3,8,6.9,3.4,9,5,20-9V52
14,8,7.6,6.8,3.2,9,5,20-9V52
15,31,4,4.3,6.7,1,1,20-9V52
16,12,7.1,3.5,7.9,7.4,2,20-9V52
17,28,5,2.5,8,2,1,20-9V52
18,26,5,2.1,7.9,3.3,1,20-9V52
19,33,1.8,7.4,3.8,1,1,20-9V52
20,34,5.7,8.2,2.1,6.1,1,20-9V52
21,39,1.7,6,6.9,1,1,20-9V52
22,6,6.6,7.2,2.9,6.9,1,20-9V52
23,32,4.7,4.3,6.7,2.3,1,20-9V52
24,38,2,4.8,6.2,1,1,20-9V52
25,21,5,1.8,8.4,3.1,1,20-9V52
26,24,2.8,3.7,3.3,6.7,5,20-9V52
27,22,6.4,3.1,3.6,6.6,1,20-9V52
28,29,3,6.1,3.3,6.8,5,20-9V52
29,5,7.9,8,2.5,8.6,5,20-9V52
30,18,9,3.5,6.3,9,5,20-9V52
31,2,5,6.6,4.1,3.8,1,20-9V52
32,10,3.7,7,4.1,2,1,20-9V52
33,17,5,2.7,8.4,5,1,20-9V52
34,37,3.1,6.5,3.4,1,1,20-9V52
35,7,9,8.4,1.9,8.7,5,20-9V52
36,40,2,6.5,3.6,1,1,20-9V52
37,14,8.3,3.7,5.5,7.8,5,20-9V52
38,1,7.2,6.8,3.7,7.4,5,20-9V52
1,36,4.1,2.9,5.8,2,2,21-9V5J
2,23,3.8,3.5,3.5,1.9,1,21-9V5J
3,28,3.3,2.5,2.5,2.7,1,21-9V5J
4,33,5,3,5.9,5,2,21-9V5J
5,30,2.2,2.8,2,1,3,21-9V5J
6,29,5,5,6.6,6.9,5,21-9V5J
7,32,3.2,3.3,5,1,1,21-9V5J
8,19,9,5,5,9,5,21-9V5J
9,2,6.7,2.9,5,6.5,1,21-9V5J
10,8,7.1,3.1,5,8.9,4,21-9V5J
11,37,1.9,5.9,6.2,1,1,21-9V5J
12,3,7.4,6.2,5.9,8.9,5,21-9V5J
13,11,8.3,4.2,5,9,1,21-9V5J
14,1,7.3,2.7,5,7.6,5,21-9V5J
15,13,6.4,2.2,5,6.5,1,21-9V5J
16,6,5,5,5,7,1,21-9V5J
17,10,5,5,5,5,1,21-9V5J
18,15,6.3,2.6,5,6.8,1,21-9V5J
19,34,3.3,4.1,5,2.5,1,21-9V5J
20,18,7.3,5,5,7.8,5,21-9V5J
21,7,5.6,5,5,6.4,5,21-9V5J
22,27,6.3,3.9,5,6.8,2,21-9V5J
23,22,6.5,4.1,5,6.3,1,21-9V5J
24,20,6.3,3.8,4.2,5.6,2,21-9V5J
25,17,6.5,5,5,6.4,3,21-9V5J
26,40,5,3.4,5,3.6,1,21-9V5J
27,25,5,2.9,5,5,1,21-9V5J
28,31,4.2,3.8,5.9,1.9,1,21-9V5J
29,21,4.5,2.7,5,3.5,1,21-9V5J
30,12,6.2,2.4,5,6.7,1,21-9V5J
31,39,4,5,5,2.1,1,21-9V5J
32,24,3.9,3.2,5,5.7,4,21-9V5J
33,5,6.1,5,6.1,7,4,21-9V5J
34,26,5,2.4,5,3.4,1,21-9V5J
35,14,6.7,3.5,4.3,6.4,5,21-9V5J
36,38,3.3,5,4,2.3,1,21-9V5J
37,9,6.7,5,5,7.4,4,21-9V5J
38,4,7.1,5.5,5,7.3,5,21-9V5J
1,11,7.5,6.4,3.8,7.4,1,22-9V5N
2,36,3.9,7,3.9,4.8,1,22-9V5N
3,38,2.7,6.4,2.5,2.2,1,22-9V5N
4,28,5,2.2,8.3,3.6,1,22-9V5N
5,21,5,1,7.7,5,1,22-9V5N
6,40,5.9,3.9,6.6,6.4,1,22-9V5N
7,20,7.9,6.4,3.6,9,5,22-9V5N
8,19,7.3,6,6.4,7.1,1,22-9V5N
9,13,8.3,3.8,3.7,8.3,1,22-9V5N
10,37,1,7.2,1.9,1,1,22-9V5N
11,1,7.7,7.6,2.9,8.3,5,22-9V5N
12,14,7.9,3.5,6.7,9,5,22-9V5N
13,22,5.7,1.8,6.5,4.8,1,22-9V5N
14,6,6,6.6,7,5.7,4,22-9V5N
15,3,7.3,6,7.1,9,5,22-9V5N
16,2,6,3.6,7,6.1,3,22-9V5N
17,26,5.1,1,6.7,6,1,22-9V5N
18,33,4.9,3.2,7.5,3.2,1,22-9V5N
19,25,4.2,1,6.5,6,5,22-9V5N
20,39,3.2,3.4,6.9,1.7,1,22-9V5N
21,29,6.2,3,6.7,9,4,22-9V5N
22,24,3.6,3.1,8.2,7.5,5,22-9V5N
23,12,7.1,2,6.7,9,1,22-9V5N
24,27,6.9,1,6.8,7.1,3,22-9V5N
25,23,3.4,6,3.7,4,1,22-9V5N
26,32,2.1,6,2.9,1.2,2,22-9V5N
27,4,6.6,6,7.8,7.8,4,22-9V5N
28,18,7.4,2.1,6.8,7.7,5,22-9V5N
29,8,8.2,6.6,3.2,8.3,5,22-9V5N
30,5,7.7,6.8,2.4,8.1,5,22-9V5N
31,34,3.2,6.7,3.2,2.4,1,22-9V5N
32,15,6.9,1,3.7,7.5,1,22-9V5N
33,17,5,1.7,7.8,3.5,1,22-9V5N
34,10,3.5,6.1,4,2.7,1,22-9V5N
35,31,2.5,2.5,5.7,1,1,22-9V5N
36,7,5.1,3.3,7.4,2.5,2,22-9V5N
37,30,3.1,7.1,3.1,1,4,22-9V5N
38,9,7.3,5.8,6.5,9,5,22-9V5N
1,38,1,9,1,1,1,23-9VIV
2,17,5,1,9,4.9,1,23-9VIV
3,2,7,6.1,8.3,7.9,4,23-9VIV
4,24,4.3,1,6.7,6.9,4,23-9VIV
5,14,8.2,1,9,9,5,23-9VIV
6,6,4.1,6.2,6.9,2.8,1,23-9VIV
7,12,9,1,9,9,1,23-9VIV
8,3,9,6.3,9,9,5,23-9VIV
9,33,1,9,2.2,1,1,23-9VIV
10,15,5.7,3.1,6.6,6.4,1,23-9VIV
11,22,7.8,2.1,9,8.3,1,23-9VIV
12,7,5,5,8.1,5.1,4,23-9VIV
13,13,6.9,1,9,7,1,23-9VIV
14,29,2.2,6.4,2.7,8,5,23-9VIV
15,20,9,2.7,1,9,5,23-9VIV
16,5,5,2.2,9,5,3,23-9VIV
17,39,1,9,1,1,1,23-9VIV
18,32,1,6.4,3.8,3.2,1,23-9VIV
19,4,8.3,7.1,7.5,7.1,3,23-9VIV
20,40,2.8,5.7,3.7,2.7,1,23-9VIV
21,28,3.4,1.6,7.9,5.4,1,23-9VIV
22,27,6.8,1,8.9,7.7,1,23-9VIV
23,36,2,7.2,4,2.4,1,23-9VIV
24,11,9,1.3,9,9,1,23-9VIV
25,34,2.6,7.2,3.1,3.8,1,23-9VIV
26,26,8.7,1,9,8.2,1,23-9VIV
27,23,2.9,5,5.2,1,1,23-9VIV
28,10,3.3,6.8,4.1,1.4,1,23-9VIV
29,37,1,8.5,1,1,1,23-9VIV
30,19,6.2,3.8,7.8,7,4,23-9VIV
31,31,1.7,8.8,1.9,1,1,23-9VIV
32,21,3.3,1,7.3,4.9,1,23-9VIV
33,30,3.2,6,4.3,4,2,23-9VIV
34,25,4.3,1,8.9,6.4,4,23-9VIV
35,8,6.8,5.2,8.7,5.9,4,23-9VIV
36,1,7.6,6.7,6,7,4,23-9VIV
37,18,9,1.2,9,8.1,4,23-9VIV
38,9,7.9,4.5,8.4,7.2,3,23-9VIV
1,25,4.8,1,8.2,5,1,24-9VL3
2,18,6.7,5.9,7,5.8,3,24-9VL3
3,6,8.6,5.9,5.1,8.4,4,24-9VL3
4,26,5,1.9,7.7,4.2,1,24-9VL3
5,23,4.3,4.4,6.7,4.1,1,24-9VL3
6,22,4.2,5.7,4.5,5.6,1,24-9VL3
7,20,8.5,5.9,4.1,9,5,24-9VL3
8,38,2.7,7,3.7,1.4,1,24-9VL3
9,24,2.5,6.6,3.9,6.8,4,24-9VL3
10,4,8.1,4.9,5.9,7.4,3,24-9VL3
11,8,7.7,5.9,4.6,9,5,24-9VL3
12,32,1.4,8.1,3.1,1,1,24-9VL3
13,21,3.5,5.3,5.3,2.1,1,24-9VL3
14,17,5.1,1.5,8.3,4.7,1,24-9VL3
15,14,6.9,4.1,5.7,7.3,4,24-9VL3
16,7,5,6.2,3.6,4.8,3,24-9VL3
17,12,8.6,7.3,3.8,8.7,1,24-9VL3
18,31,1,6.8,2.4,1,1,24-9VL3
19,9,9,6.7,4.3,9,3,24-9VL3
20,28,3.6,3.6,5.6,5,2,24-9VL3
21,39,1.6,7.6,4.2,1,1,24-9VL3
22,19,6,3.1,7.2,5.1,3,24-9VL3
23,10,2.6,6,4.4,3.2,1,24-9VL3
24,15,5,2,8.5,2.1,1,24-9VL3
25,33,4.6,4.3,7.1,3.4,1,24-9VL3
26,3,6.9,4.9,6.4,6.4,2,24-9VL3
27,37,1,8.2,2.2,1,1,24-9VL3
28,13,8.1,6,2.2,7.7,1,24-9VL3
29,2,9,8.5,3.4,9,5,24-9VL3
30,34,5,4,8.3,3.3,1,24-9VL3
31,36,3.3,5.7,5.8,1,1,24-9VL3
32,30,1,8.3,3.2,1,1,24-9VL3
33,11,8.3,5.6,6,7.2,2,24-9VL3
34,1,7.6,5.4,4.9,7.3,4,24-9VL3
35,29,5,4,6.6,5,3,24-9VL3
36,40,4.6,4.6,6.2,3.5,1,24-9VL3
37,27,5,3.2,6,5,1,24-9VL3
38,5,8.7,5.3,8.7,7.9,4,24-9VL3
1,23,3.2,4,6.6,5.9,4,25-9VNK
2,11,8.6,6,4.8,8.8,2,25-9VNK
3,12,7.4,2.7,7.4,7,3,25-9VNK
4,14,8.2,6.4,3.7,8.2,5,25-9VNK
5,10,3.9,7.1,3.8,4,1,25-9VNK
6,30,2.6,6.4,2.7,6.3,5,25-9VNK
7,2,6,2.1,7.7,6.3,4,25-9VNK
8,20,5.9,3.1,6.8,5,4,25-9VNK
9,6,6.6,4.2,6.3,7.1,2,25-9VNK
10,15,6.6,2.3,7.8,7.2,1,25-9VNK
11,7,7.3,6.6,4.4,7.4,5,25-9VNK
12,40,6.1,7,3.6,5.9,2,25-9VNK
13,33,3.9,5.9,4.2,4.1,1,25-9VNK
14,3,7.9,6.3,4.2,8.1,5,25-9VNK
15,31,3.8,5.3,6.2,4.2,1,25-9VNK
16,34,2.8,7.3,3.2,4.5,1,25-9VNK
17,17,5,2.9,8.1,6,2,25-9VNK
18,37,2.7,5.8,3.1,4,1,25-9VNK
19,39,3.5,5.1,6.2,4.8,1,25-9VNK
20,18,8.4,3.8,6.7,8.7,5,25-9VNK
21,9,8.2,6.5,3.9,8.7,5,25-9VNK
22,26,4.6,2.1,8.3,6.7,2,25-9VNK
23,28,4.3,2.8,6.7,6.2,4,25-9VNK
24,24,4,3.2,6,6.6,5,25-9VNK
25,38,4.4,5.9,5.9,4.5,1,25-9VNK
26,32,3.9,6,6.7,4.7,2,25-9VNK
27,25,4.5,3.4,7.7,6.2,2,25-9VNK
28,5,6.3,5.3,5.7,6.7,5,25-9VNK
29,4,7.1,6.7,5.5,7.4,5,25-9VNK
30,22,5.6,3.3,7,6.7,2,25-9VNK
31,21,4.5,3.5,7.8,5.7,2,25-9VNK
32,36,3.8,6.1,4.2,6,2,25-9VNK
33,29,5.7,2.4,6.9,6.5,4,25-9VNK
34,1,7.9,6.5,3.6,8.2,5,25-9VNK
35,27,5.4,3.8,8.2,6.7,4,25-9VNK
36,8,7.5,6.8,3.9,8,5,25-9VNK
37,13,7.6,3.7,3.1,7.6,2,25-9VNK
38,19,8.4,7,3.2,8.1,5,25-9VNK
1,22,5.6,1,7.7,4.2,1,26-9VTJ
2,27,7.7,6.5,3.7,8.1,1,26-9VTJ
3,17,5,1,9,1,1,26-9VTJ
4,24,2,7.4,1.9,8,4,26-9VTJ
5,28,4.6,2.9,8,6.4,1,26-9VTJ
6,23,4.7,1.8,9,3.8,1,26-9VTJ
7,40,6.3,6.4,3.8,6.8,1,26-9VTJ
8,9,8.2,7.4,2.9,9,5,26-9VTJ
9,12,6.6,2.9,6.8,7.4,1,26-9VTJ
10,1,6.8,3.6,8,7.7,5,26-9VTJ
11,38,2.9,5.7,2.5,2.2,1,26-9VTJ
12,31,2.9,7.5,1.7,6.9,1,26-9VTJ
13,30,3.3,3.8,3.5,6.8,2,26-9VTJ
14,25,2.8,6.8,2.7,6.6,1,26-9VTJ
15,20,6.8,5.8,3.8,8.2,4,26-9VTJ
16,29,4.5,4.1,9,6.7,3,26-9VTJ
17,39,5.1,3.9,7.7,2.6,1,26-9VTJ
18,34,6.1,6.5,3.6,7,1,26-9VTJ
19,10,4.4,5.8,6,4.8,1,26-9VTJ
20,11,8.3,7,3.7,8.6,1,26-9VTJ
21,7,7.9,6.9,1.9,9,5,26-9VTJ
22,4,7.2,5.9,7,7.4,5,26-9VTJ
23,21,5,1.7,8.7,5,1,26-9VTJ
24,15,6.9,2.8,7.6,7,1,26-9VTJ
25,32,5,2.9,7.6,5,1,26-9VTJ
26,2,6.4,4,7.8,6.4,2,26-9VTJ
27,19,7.3,5.4,3.3,7.9,4,26-9VTJ
28,14,7.8,6.6,2.4,9,5,26-9VTJ
29,6,9,3.2,2.8,9,1,26-9VTJ
30,13,5.5,1.5,9,5,1,26-9VTJ
31,37,4.4,3.1,7.8,4.1,1,26-9VTJ
32,26,5,1.7,8.4,5,1,26-9VTJ
33,36,4.3,4,6.5,2.8,1,26-9VTJ
34,8,7.7,2.8,2.5,9,5,26-9VTJ
35,33,3.9,4.6,8.3,3.7,1,26-9VTJ
36,18,8.4,5.4,3.4,8.6,5,26-9VTJ
37,5,5.7,2.1,8.8,6.5,3,26-9VTJ
38,3,6,6,3.6,7.4,5,26-9VTJ
1,20,8.5,4.3,6,7.7,1,27-9VUW
2,34,2.1,6,4.2,1.5,1,27-9VUW
3,7,3.4,4.4,5.7,2.9,3,27-9VUW
4,37,1.6,6.5,3,1,1,27-9VUW
5,32,2.9,6.8,3.4,1.5,1,27-9VUW
6,30,3.1,4,6.4,8,3,27-9VUW
7,31,5,6.1,5,6.2,1,27-9VUW
8,21,4.1,3,7,4.6,1,27-9VUW
9,36,3.9,5.4,4.8,2.7,1,27-9VUW
10,28,5,2,7.8,6.4,1,27-9VUW
11,23,4.7,2.2,6.1,5.4,1,27-9VUW
12,39,3,4.5,8.6,2.2,1,27-9VUW
13,18,7,3.7,4.2,7.7,5,27-9VUW
14,1,5.9,5.8,3.9,5.3,4,27-9VUW
15,25,6,2.5,4.4,6.4,1,27-9VUW
16,27,7.2,3.4,3.4,7.1,1,27-9VUW
17,26,4.6,3.2,7.7,5.3,1,27-9VUW
18,33,4.6,6.1,6,4,1,27-9VUW
19,2,4.2,5.1,7.4,4.4,2,27-9VUW
20,10,5,5,8.4,4.4,1,27-9VUW
21,9,7.2,5.8,2,8.1,5,27-9VUW
22,13,6.5,3.6,4,7.5,2,27-9VUW
23,24,4.3,2.4,7.3,6.3,1,27-9VUW
24,4,5.8,6.1,3.6,6,3,27-9VUW
25,29,4.6,5.2,3.7,8.4,5,27-9VUW
26,38,2.3,5.8,7.5,2,1,27-9VUW
27,6,5.8,5,4.9,5.3,1,27-9VUW
28,22,4.7,3.6,6.6,4.6,1,27-9VUW
29,8,7.1,5.8,3.8,6.7,5,27-9VUW
30,15,6.8,3.6,5,5,1,27-9VUW
31,5,5,6.1,4.2,5.6,3,27-9VUW
32,17,7,3.1,7.1,5.9,1,27-9VUW
33,12,8.1,5.9,2.9,6.8,1,27-9VUW
34,11,8.6,6,2,7.9,1,27-9VUW
35,40,5,6.2,3.5,3.9,1,27-9VUW
36,19,7.1,6.2,3.1,6.5,4,27-9VUW
37,3,8,6.5,2.8,8.2,5,27-9VUW
38,14,8.2,6.6,1,9,5,27-9VUW
1,40,5,3.2,5.6,1,2,28-9VXK
2,29,6.6,6.4,4.3,9,5,28-9VXK
3,38,3.8,5,6.7,1,1,28-9VXK
4,18,7.6,5.9,4.5,8.9,5,28-9VXK
5,7,6,3.5,6.8,5.5,5,28-9VXK
6,34,5,5,6.4,1.7,1,28-9VXK
7,1,5,3,7.1,5,1,28-9VXK
8,27,6,5,5.5,7.3,3,28-9VXK
9,19,6.4,4,6.6,6.2,1,28-9VXK
10,28,3.3,5,5.4,7.2,5,28-9VXK
11,2,7.6,5.4,4.5,7,5,28-9VXK
12,13,6.3,3.9,4,8.1,1,28-9VXK
13,6,4,5.6,4.5,5,2,28-9VXK
14,36,1.2,6.9,2.5,2.5,1,28-9VXK
15,33,4.4,4.4,5.6,3.3,1,28-9VXK
16,22,5,5.9,5.2,6.2,1,28-9VXK
17,20,6.9,4.3,5.6,6.9,2,28-9VXK
18,10,4.3,5.8,5.5,5,1,28-9VXK
19,26,6.2,4.1,6.3,7.1,1,28-9VXK
20,25,2.5,6.1,3.7,9,1,28-9VXK
21,12,7.7,5,5,9,1,28-9VXK
22,30,1.8,6.1,3.7,6.5,3,28-9VXK
23,23,3,5.7,4.3,5,3,28-9VXK
24,15,5,3,7,3.6,1,28-9VXK
25,8,7.3,4.6,5.7,8.3,4,28-9VXK
26,37,2.1,6.3,3.2,1,1,28-9VXK
27,21,6,3.9,5.7,6.7,3,28-9VXK
28,3,5,2.2,7.5,5,1,28-9VXK
29,11,5.8,3.4,6.6,5.9,1,28-9VXK
30,32,4.2,5,4.6,2.3,1,28-9VXK
31,4,6.4,5,5.7,6.6,1,28-9VXK
32,24,5,4.2,6.3,7.1,5,28-9VXK
33,31,4.1,4.2,7.3,1,1,28-9VXK
34,5,6.9,5,5.9,8,5,28-9VXK
35,39,5,3.1,6.9,1,1,28-9VXK
36,17,5,1.9,7.9,5,1,28-9VXK
37,9,9,5,4.6,9,5,28-9VXK
38,14,7.4,3.8,6.3,8.9,1,28-9VXK
1,39,3.1,3.2,8.7,1,3,29-9VXR
2,4,5,5,6.8,5,1,29-9VXR
3,8,7.1,7.1,2.9,9,1,29-9VXR
4,18,5,3.2,9,5.2,1,29-9VXR
5,19,5,4.9,8.8,4.9,1,29-9VXR
6,36,3.1,3.9,8.8,1,1,29-9VXR
7,12,7.1,7,4.7,9,1,29-9VXR
8,26,7.1,5,6.9,9,1,29-9VXR
9,20,9,9,1,9,5,29-9VXR
10,38,5,5,9,5,1,29-9VXR
11,23,5,5,8.9,5,1,29-9VXR
12,29,7.1,7,2.8,9,1,29-9VXR
13,11,5,5,8.9,5,1,29-9VXR
14,28,7.2,7,2.9,9,1,29-9VXR
15,33,3.1,5.2,9,1,1,29-9VXR
16,14,5,5,9,5,1,29-9VXR
17,31,3.2,5,9,5,1,29-9VXR
18,3,5,5,8.9,5,1,29-9VXR
19,15,7,7,3.1,9,1,29-9VXR
20,10,7,6.9,2.7,9,1,29-9VXR
21,2,7,6.9,2.8,9,1,29-9VXR
22,9,7.1,7.1,2.7,9,1,29-9VXR
23,30,7,7.2,2.9,9,1,29-9VXR
24,37,1,9,2.8,1,2,29-9VXR
25,40,5.1,5,9,1,1,29-9VXR
26,32,5.1,5,9,1,1,29-9VXR
27,7,5,5.7,9,1,1,29-9VXR
28,34,5,5,8.7,1,1,29-9VXR
29,17,5,5,9,5,1,29-9VXR
30,25,7.1,7.2,2.9,9,1,29-9VXR
31,22,5,5.1,9,5,1,29-9VXR
32,6,7.1,7,3.7,9,1,29-9VXR
33,13,6.9,7,2.6,9,1,29-9VXR
34,27,5,5,9,5,1,29-9VXR
35,24,7.7,7.6,2.7,9,1,29-9VXR
36,21,5,5,9,1,1,29-9VXR
37,5,6.7,7.3,3.1,9,1,29-9VXR
38,1,7.1,7,3.2,9,1,29-9VXR
1,32,4.4,5.7,9,4.5,1,30-9VYD
2,3,7,4.5,7.8,6.9,1,30-9VYD
3,6,7,6.1,7.5,6.7,1,30-9VYD
4,37,8.8,6.6,7.7,7.5,1,30-9VYD
5,30,6.7,4.5,7.8,3.3,1,30-9VYD
6,22,5.2,2.3,8.2,3.4,1,30-9VYD
7,14,5,2.4,6.7,6,2,30-9VYD
8,12,8.2,4.5,6.1,7.1,1,30-9VYD
9,19,7.6,6.1,7.4,6.3,1,30-9VYD
10,36,6.1,5.2,6.8,5.4,1,30-9VYD
11,33,5.1,2.4,7.4,1.8,1,30-9VYD
12,38,5.3,4.9,7.7,4.1,1,30-9VYD
13,2,8.7,6.7,5.1,7.5,3,30-9VYD
14,4,5.1,7,4.5,7.2,2,30-9VYD
15,40,5.2,3.2,7.6,3.4,1,30-9VYD
16,1,5,2.7,7.2,4.2,1,30-9VYD
17,24,6.3,5.2,4.8,8,5,30-9VYD
18,13,5,2.6,7.5,6.4,4,30-9VYD
19,15,6.1,3.7,7.4,5.3,1,30-9VYD
20,8,7.4,3.4,6.2,6.9,1,30-9VYD
21,28,5.6,6.8,7.9,7.9,5,30-9VYD
22,39,5,4.4,8.2,1.8,1,30-9VYD
23,10,5,3.5,7.8,1.5,1,30-9VYD
24,7,9,6.9,4.1,7.8,1,30-9VYD
25,23,5,3.3,8.5,3.1,1,30-9VYD
26,31,5,2.3,8,2.3,1,30-9VYD
27,5,5,6.4,4.1,6.3,2,30-9VYD
28,34,5.3,6.6,4.4,6.4,1,30-9VYD
29,26,5.1,1.6,8.6,3.6,1,30-9VYD
30,20,5.8,2.6,5.7,6.9,5,30-9VYD
31,9,6.9,4.7,6.3,6.5,1,30-9VYD
32,21,5,1.6,9,4,1,30-9VYD
33,27,6.4,4.3,7.1,4,1,30-9VYD
34,29,4.9,5.9,6.3,7.5,5,30-9VYD
35,18,7,2.8,8.1,6.2,1,30-9VYD
36,17,6,3.5,7.9,5.3,1,30-9VYD
37,25,5,1.9,8.9,6,1,30-9VYD
38,11,5.1,3.7,8.3,6.6,1,30-9VYD
1,11,7.2,4,6.7,7.4,2,31-9VZJ
2,17,4,4,7.6,2.8,1,31-9VZJ
3,30,2,4.4,7.6,7,5,31-9VZJ
4,25,6.1,4,7.7,6.5,1,31-9VZJ
5,38,1,6,4,1,1,31-9VZJ
6,13,7.9,4.5,6.9,7.3,1,31-9VZJ
7,32,3.9,6.3,7.7,2.1,1,31-9VZJ
8,7,6,6,6.9,5,1,31-9VZJ
9,36,2.9,7.4,4.7,2.9,2,31-9VZJ
10,31,2.3,6.2,4.5,1,1,31-9VZJ
11,6,5.9,4.3,7.5,6.2,1,31-9VZJ
12,20,8.1,6,7.8,8,1,31-9VZJ
13,1,6.5,6.9,6.7,6.6,1,31-9VZJ
14,10,3,6.9,7.7,3.4,1,31-9VZJ
15,3,7.1,6.2,7.2,7.6,2,31-9VZJ
16,37,3,6.5,4.5,1,1,31-9VZJ
17,26,3,3.6,6.6,6.5,1,31-9VZJ
18,28,3.3,3.2,6.7,6.6,1,31-9VZJ
19,24,3.6,6.4,6.9,6.4,1,31-9VZJ
20,12,7,6.2,8.1,7.4,1,31-9VZJ
21,29,3.9,3.2,7.1,3,1,31-9VZJ
22,40,3.9,7.9,3.8,2.5,1,31-9VZJ
23,39,2.9,8.5,1.5,1.2,1,31-9VZJ
24,8,7,6.8,7.4,6.5,1,31-9VZJ
25,23,3.1,3,7.6,4.1,1,31-9VZJ
26,33,3.8,6.7,4.4,2.5,1,31-9VZJ
27,18,6.9,2.9,7.6,8.3,1,31-9VZJ
28,2,4.2,6.1,7.6,2.5,5,31-9VZJ
29,9,6,5.9,6.8,3.4,1,31-9VZJ
30,34,4,8.1,2,2.6,1,31-9VZJ
31,21,2.8,2.2,6.3,3.2,1,31-9VZJ
32,27,6,4.1,7,7.5,1,31-9VZJ
33,14,7.8,4.7,7.7,9,1,31-9VZJ
34,15,6.6,3.2,7.1,6.9,1,31-9VZJ
35,22,4.2,4.1,4.1,3.6,1,31-9VZJ
36,4,6.1,6.1,3.9,6.2,1,31-9VZJ
37,19,7.1,5.8,7.7,9,1,31-9VZJ
38,5,3.9,6.1,4.7,4,2,31-9VZJ
1,33,5,1,9,1,1,32-9VZN
2,17,5,1,9,5,1,32-9VZN
3,26,5,1,9,5,1,32-9VZN
4,34,5,1,9,1,1,32-9VZN
5,11,5,1,9,5,1,32-9VZN
6,2,5,1,9,5,1,32-9VZN
7,36,5,1,9,5,1,32-9VZN
8,14,6.9,1,9,9,5,32-9VZN
9,23,5,1,9,5,1,32-9VZN
10,27,5,1,9,5,1,32-9VZN
11,6,5,1,9,5,1,32-9VZN
12,20,7.1,1,9,9,5,32-9VZN
13,12,5,5,9,5,1,32-9VZN
14,40,5,1,9,5,1,32-9VZN
15,10,5,2.3,7.6,5,1,32-9VZN
16,25,5,3.1,7.1,5,1,32-9VZN
17,3,5,2,7,5,1,32-9VZN
18,29,5,5,5,5,1,32-9VZN
19,28,5,5,7,5,1,32-9VZN
20,7,5,5,7.6,5,1,32-9VZN
21,39,4,3.5,9,1,1,32-9VZN
22,13,5,5,6.7,5,1,32-9VZN
23,9,5,5,7.9,5,1,32-9VZN
24,22,5,1,9,5,1,32-9VZN
25,37,1,5,6.8,1,1,32-9VZN
26,31,3.6,5,6.9,1,1,32-9VZN
27,21,5,1,9,5,1,32-9VZN
28,15,5,1,9,5,1,32-9VZN
29,1,5,1,9,5,1,32-9VZN
30,19,5,1,9,6.1,1,32-9VZN
31,4,5,1,9,1,1,32-9VZN
32,38,1,1,9,1,1,32-9VZN
33,24,5,1,9,9,5,32-9VZN
34,32,3.7,1,9,1,1,32-9VZN
35,8,5,5,9,5,1,32-9VZN
36,30,4,2.8,9,1,1,32-9VZN
37,18,6.2,1,9,9,3,32-9VZN
38,5,5,5,6.9,5,1,32-9VZN
1,8,8.3,5.3,4.1,8.8,4,33-9VZR
2,34,2.4,9,2.2,1,1,33-9VZR
3,29,1.6,4.9,2.3,6.6,5,33-9VZR
4,9,9,6.5,1.5,9,5,33-9VZR
5,36,1.4,7.3,3.3,1.8,1,33-9VZR
6,1,7.9,5.3,4,7.8,4,33-9VZR
7,14,7.9,3.1,6.3,8.1,4,33-9VZR
8,6,5.2,6.5,4.2,5.9,1,33-9VZR
9,39,1.5,8.8,1.7,1,1,33-9VZR
10,27,3.7,3.1,7.4,3.9,1,33-9VZR
11,31,1,5.6,4,1.4,1,33-9VZR
12,2,6.3,4,6.9,5.5,2,33-9VZR
13,4,8.2,6.1,4.1,8,4,33-9VZR
14,12,9,1.6,5.6,9,1,33-9VZR
15,13,9,4,5.4,9,2,33-9VZR
16,30,1.1,4.3,1.4,3.5,2,33-9VZR
17,23,1.3,5.4,1.2,1.7,1,33-9VZR
18,19,7.4,2.7,6.7,7.4,4,33-9VZR
19,25,4.6,2.9,7.8,3.8,1,33-9VZR
20,21,1.3,4.1,2.3,6.7,1,33-9VZR
21,33,3.1,8.3,3.8,1.4,1,33-9VZR
22,18,9,4.3,3.5,8.6,4,33-9VZR
23,10,2.6,6.2,3.1,2.2,1,33-9VZR
24,24,1.1,4.1,4.6,3.2,4,33-9VZR
25,15,5.1,2.4,7.3,4.3,1,33-9VZR
26,3,5.9,4.9,4,7.1,4,33-9VZR
27,37,1,9,1,1,1,33-9VZR
28,20,7.4,4.2,6.5,5,1,33-9VZR
29,26,4.8,2.2,7.4,4.9,1,33-9VZR
30,28,1.3,4.2,3.4,2.9,1,33-9VZR
31,7,2.8,5.3,5.7,2.7,2,33-9VZR
32,17,5.1,4.5,7.8,4.5,1,33-9VZR
33,38,1.2,7.1,2.9,1.2,1,33-9VZR
34,40,3.8,6.2,7.5,3.5,1,33-9VZR
35,32,2.6,6.5,4,1.5,1,33-9VZR
36,22,6.3,3.7,6,6.4,1,33-9VZR
37,11,8.6,3.2,3.1,8.9,1,33-9VZR
38,5,6.5,6.9,3.8,7.4,4,33-9VZR
1,39,2.1,8,2.8,1,2,34-9W1R
2,13,7.9,2.3,7.5,6.9,2,34-9W1R
3,12,8,2.1,7.7,7.6,2,34-9W1R
4,20,9,1,9,9,5,34-9W1R
5,36,4,6.7,3.7,3.3,2,34-9W1R
6,33,3.5,6.6,4.3,3.5,2,34-9W1R
7,4,9,7.6,9,9,5,34-9W1R
8,27,6.2,1,9,5.8,4,34-9W1R
9,2,6,6,7.7,4.1,2,34-9W1R
10,21,3.7,4,7.6,3.4,2,34-9W1R
11,7,7.9,7,7.7,9,5,34-9W1R
12,26,4,2.4,7.7,8.9,5,34-9W1R
13,30,1.9,6,2.7,7.1,5,34-9W1R
14,23,2.6,2.9,6.7,7.4,5,34-9W1R
15,18,7.3,1,9,9,5,34-9W1R
16,19,9,7.3,7.4,8.9,5,34-9W1R
17,8,7.9,6.8,7.2,9,5,34-9W1R
18,6,7.9,7.1,6.6,7.8,5,34-9W1R
19,14,9,2.4,9,8.9,5,34-9W1R
20,1,7.3,7,7.2,9,5,34-9W1R
21,34,4.1,6,3.8,3.4,2,34-9W1R
22,31,1,5.5,2.7,1,2,34-9W1R
23,32,2.2,5.4,3.8,1,5,34-9W1R
24,37,1.5,7.5,1.8,1,2,34-9W1R
1,27,6,2.1,1.8,9,3,36-9W4C
2,31,1,3.2,4.1,1,1,36-9W4C
3,19,8,5.1,4.3,8.1,2,36-9W4C
4,1,7.9,5.6,6.2,6.1,1,36-9W4C
5,29,3.1,4.1,2.3,6.7,4,36-9W4C
6,22,2.6,2.3,5,3.5,1,36-9W4C
7,9,7,7.3,3.7,7.8,2,36-9W4C
8,39,1,7.2,1.7,1,1,36-9W4C
9,24,1,6.3,1,9,5,36-9W4C
10,6,9,7.9,3.7,9,1,36-9W4C
11,7,6.9,6.9,4.2,5,1,36-9W4C
12,5,5,5,9,2.9,1,36-9W4C
13,4,6,6,5.7,4,1,36-9W4C
14,23,2.5,4.4,3,3.8,2,36-9W4C
15,36,3,7.2,3.8,4.7,1,36-9W4C
16,30,3.6,3.7,2.3,6.4,2,36-9W4C
17,25,3.7,1.4,2.3,6.9,1,36-9W4C
18,34,4,8.3,3.6,3.3,1,36-9W4C
19,3,7.8,8.3,3.3,8.1,3,36-9W4C
20,14,9,1,2.8,9,3,36-9W4C
21,13,6.9,1.5,4,7,1,36-9W4C
22,8,5.7,5.7,7.2,4.9,1,36-9W4C
23,12,5,4,4.7,5,1,36-9W4C
24,21,2.7,2.6,3.3,3.5,1,36-9W4C
25,15,6,3,4.4,6.6,1,36-9W4C
26,2,5,6.1,6.1,3.5,1,36-9W4C
27,20,9,7.1,1.7,9,5,36-9W4C
28,38,3.1,7.4,9,1,1,36-9W4C
29,17,5,4,5,1,1,36-9W4C
30,10,5,5.9,6.5,3.1,1,36-9W4C
31,28,4,2.1,3.8,3.2,1,36-9W4C
32,18,9,1,1,9,5,36-9W4C
33,32,3.4,5.5,6.9,2.8,1,36-9W4C
34,37,1,6.6,2.7,1,1,36-9W4C
35,40,3.3,5.9,6.6,2.2,1,36-9W4C
36,26,3.5,3.4,5,5,1,36-9W4C
37,33,5,5.5,6.9,3.6,1,36-9W4C
38,11,9,7.1,1.7,9,1,36-9W4C
1,31,1.7,6.4,6.7,1.7,1,37-9W4X
2,34,3.3,6,6.8,2.7,1,37-9W4X
3,7,7.8,6.7,6.4,8.1,1,37-9W4X
4,29,3.9,6,6.4,3.7,1,37-9W4X
5,14,5.7,5,6.6,6.6,1,37-9W4X
6,28,4.1,3.5,7.5,6.3,1,37-9W4X
7,5,5.8,6.6,6.7,3.8,1,37-9W4X
8,17,5.8,6.1,7.7,5.8,1,37-9W4X
9,6,7.2,7,6.9,7.4,1,37-9W4X
10,38,1.5,6.1,4.1,1.3,1,37-9W4X
11,4,7.1,7.1,6.7,6.7,1,37-9W4X
12,32,3.3,5.6,6.3,2.4,1,37-9W4X
13,8,7.3,6.1,6.5,7.5,1,37-9W4X
14,25,5.3,3,6.5,6,1,37-9W4X
15,13,7.4,4.1,6.8,6.6,1,37-9W4X
16,39,2.9,7.6,4.2,3.2,1,37-9W4X
17,27,6.4,6,6.1,5.9,3,37-9W4X
18,33,4,6.7,6.3,4.2,1,37-9W4X
19,26,6.3,2.3,5.7,5.9,1,37-9W4X
20,23,3.3,6.3,3.8,3.6,3,37-9W4X
21,21,3.5,4.1,6,3.7,1,37-9W4X
22,2,6.3,7.1,6.4,6.3,4,37-9W4X
23,1,7,7.1,6.5,7.1,1,37-9W4X
24,20,8.2,7.9,3.4,8.3,5,37-9W4X
25,37,1.8,6.5,4,1.3,1,37-9W4X
26,18,6.3,4.6,6.5,6.4,1,37-9W4X
27,40,3.5,6.4,6.4,3.5,1,37-9W4X
28,10,4.3,6.4,4,4.1,1,37-9W4X
29,12,7.3,6.6,6.6,7.4,2,37-9W4X
30,36,4,6.2,3.9,6,4,37-9W4X
31,9,6.4,6.1,6.1,5.7,1,37-9W4X
32,11,7.1,6.3,6.2,7.3,2,37-9W4X
33,15,6.2,3,5.7,6.4,2,37-9W4X
34,19,6.9,6.5,6.6,7,1,37-9W4X
35,24,3.5,5.7,6.7,6.7,1,37-9W4X
36,30,2.8,5.5,3.1,6.3,5,37-9W4X
37,22,4.3,4.3,4.4,5,1,37-9W4X
38,3,7.6,5.9,5.7,7.3,3,37-9W4X
1,33,1.5,8.3,2.8,1.6,1,38-9W6A
2,23,4.4,4.3,8,3.8,1,38-9W6A
3,9,6.8,6,5.8,8.1,5,38-9W6A
4,39,2.1,6.8,4.1,1.6,1,38-9W6A
5,5,6.8,7.5,7.9,7.5,4,38-9W6A
6,11,7.4,5.4,8.3,6.6,3,38-9W6A
7,1,6.7,3.9,8.2,6.3,5,38-9W6A
8,31,2.8,4.5,6.5,2.2,1,38-9W6A
9,37,2.3,5.7,3.8,1.8,1,38-9W6A
10,24,3,3.3,7.7,5.9,4,38-9W6A
11,8,7.1,5.8,7.8,7,5,38-9W6A
12,4,7.4,5.8,7.6,7.1,5,38-9W6A
13,28,3.5,2.8,8.4,2.9,1,38-9W6A
14,12,5.8,2.9,7.5,5.8,1,38-9W6A
15,13,6.4,3.2,7.9,6.1,1,38-9W6A
16,30,3.1,3.5,7,4.1,1,38-9W6A
17,25,3.7,2.2,7.5,3.4,1,38-9W6A
18,40,2.7,6.9,3.9,3.1,1,38-9W6A
19,10,5.8,4.5,6.7,5.7,1,38-9W6A
20,21,3,3.2,3.6,3.5,1,38-9W6A
21,22,3.6,2.4,6.8,3.1,1,38-9W6A
22,14,8.3,5.9,8.4,8,5,38-9W6A
23,34,3.2,7,2.7,3,1,38-9W6A
24,32,2.3,6.2,3.3,1.5,1,38-9W6A
25,18,6.8,3.4,7.3,7.4,5,38-9W6A
26,6,7.3,6.6,7.1,7.4,1,38-9W6A
27,2,2.8,6.2,3,3.3,1,38-9W6A
28,38,2.5,7.5,2,1.3,1,38-9W6A
29,29,2.5,2.4,1.7,6.7,1,38-9W6A
30,27,6.4,2.1,6.9,6.3,2,38-9W6A
31,3,7,7.2,3,7.8,5,38-9W6A
32,15,5,1.8,7.5,4,1,38-9W6A
33,36,2.5,7.1,1.7,2.7,1,38-9W6A
34,17,5,2.1,7.4,2.4,1,38-9W6A
35,19,7.3,6,7.1,7.5,5,38-9W6A
36,26,4.2,1.5,6.8,3.5,1,38-9W6A
37,20,7.7,6.1,3.4,8,5,38-9W6A
38,7,3.2,6.3,3.2,2.4,4,38-9W6A
1,9,5.5,5.1,5.7,6.9,1,39-9W6G
2,24,8.7,4.9,6.5,9,5,39-9W6G
3,36,2.9,7.1,8.9,1,1,39-9W6G
4,12,7,4.9,4.5,7,3,39-9W6G
5,6,5,4.9,4.6,1,5,39-9W6G
6,25,7.1,3.1,4.5,6.9,5,39-9W6G
7,19,8.9,7.1,6.8,9,5,39-9W6G
8,21,1.3,1.1,2.5,1,1,39-9W6G
9,2,1,7.1,6.8,1,1,39-9W6G
10,8,5.2,3.1,2.6,5.1,3,39-9W6G
11,4,3,6.1,6.6,1,1,39-9W6G
12,29,4.9,1.2,2.4,6.8,5,39-9W6G
13,37,1,7,8.9,1,1,39-9W6G
14,17,5,1.3,1.3,4.8,1,39-9W6G
15,18,8.6,3.1,2.7,9,5,39-9W6G
16,33,1,9,9,1,1,39-9W6G
17,27,5.9,1.3,2.8,6.9,5,39-9W6G
18,7,5.2,3.8,4.6,5.1,5,39-9W6G
19,31,1,6,6.9,1,5,39-9W6G
20,26,5,1.3,2.4,4.1,1,39-9W6G
21,23,4.7,3.1,5.8,5.2,5,39-9W6G
22,39,1,9,9,1,1,39-9W6G
23,14,7,4.2,2.8,9,5,39-9W6G
24,13,6.9,1.3,2.8,5,3,39-9W6G
25,34,2.7,7,6.7,1.4,2,39-9W6G
26,32,1,9,9,1,5,39-9W6G
27,15,4.8,1,1,2.4,1,39-9W6G
28,10,3.9,5,4.6,2.4,1,39-9W6G
29,28,4.9,1,1.2,2.4,1,39-9W6G
30,40,1,8.8,6.8,1,1,39-9W6G
31,38,1.2,7.1,6.8,1,1,39-9W6G
32,1,3,5.1,5,1.6,5,39-9W6G
33,20,7,4.2,6.5,9,5,39-9W6G
34,11,7.1,5.1,5.7,7.5,5,39-9W6G
35,22,5,1,1,1.4,3,39-9W6G
36,5,4,4.6,5.7,1,5,39-9W6G
37,30,5,4.5,5,6.4,5,39-9W6G
38,3,4.8,2.7,2.6,2.7,5,39-9W6G
1,6,5,3.1,1.4,2.5,1,40-9W74
2,36,6.4,5.5,3.4,6.1,1,40-9W74
3,24,3.1,2.9,7.6,8.9,5,40-9W74
4,5,5.1,6,6.5,7.4,1,40-9W74
5,21,5.1,2,1.2,5.1,1,40-9W74
6,18,9,6.5,6.6,8.4,5,40-9W74
7,11,9,7.9,6.1,9,1,40-9W74
8,8,5.6,6.5,6.7,7.2,1,40-9W74
9,3,9,4.4,6.2,6.9,1,40-9W74
10,25,3.1,2,3.7,5,1,40-9W74
11,29,1.5,8,6.9,9,5,40-9W74
12,40,5,3.2,2.6,5,1,40-9W74
13,4,7.9,6.2,3.7,6.3,1,40-9W74
14,37,1,7.7,7.6,1,1,40-9W74
15,27,7,6,3.7,8.1,3,40-9W74
16,14,5,1,3.7,5,1,40-9W74
17,12,8.2,1.3,4,9,1,40-9W74
18,31,1.4,1.4,2,1,1,40-9W74
19,38,1,3.3,5.6,2.5,1,40-9W74
20,2,7,3.6,3.6,6.1,1,40-9W74
21,33,2.4,5,3.6,1.6,1,40-9W74
22,13,5,1,2.2,5,1,40-9W74
23,32,2.7,3.7,1.9,2.3,1,40-9W74
24,23,1,5.4,3.5,5,1,40-9W74
25,39,1,6.3,8.4,1,1,40-9W74
26,34,8.2,8.3,5.5,8.7,1,40-9W74
27,30,5.3,6.4,8.1,7.9,4,40-9W74
28,9,8,2.2,6.6,8.4,3,40-9W74
29,15,8.4,1,6.7,9,1,40-9W74
30,19,9,4,7,9,3,40-9W74
31,7,9,8.2,6.8,9,4,40-9W74
32,26,5,1.3,4,6.2,1,40-9W74
33,10,7.3,2.1,5.6,8.5,1,40-9W74
34,22,7.2,1.5,5.8,6.9,1,40-9W74
35,20,7.3,2,8,9,5,40-9W74
36,28,3.2,2.1,7.2,8,1,40-9W74
37,17,5,1,1,3.3,1,40-9W74
38,1,9,6.6,3.7,9,1,40-9W74
1,5,7.9,6.6,9,7,5,41-9W7K
2,28,3.5,2.6,9,1.9,1,41-9W7K
3,26,3.8,2.5,9,1.3,1,41-9W7K
4,18,9,6.4,6.5,9,5,41-9W7K
5,3,9,6.4,6.7,9,5,41-9W7K
6,10,5,5.4,8.5,3.7,1,41-9W7K
7,15,6.1,3.4,7,3.7,2,41-9W7K
8,29,4,3.6,8.4,5,3,41-9W7K
9,1,7,6.4,7.3,6.1,4,41-9W7K
10,17,7.9,1.4,5.1,7.7,5,41-9W7K
11,30,1.5,5.6,3.8,1.7,1,41-9W7K
12,34,5.9,7.2,4.3,4.5,5,41-9W7K
13,39,2.6,4.4,8.6,1,2,41-9W7K
14,12,6.9,2.5,8.1,6.2,1,41-9W7K
15,38,3.5,4.6,5.9,1,1,41-9W7K
16,24,4,3.6,3.2,4.1,2,41-9W7K
17,23,2.7,3.2,9,2,1,41-9W7K
18,8,6.1,5,7.7,5.8,4,41-9W7K
19,9,6.3,5.6,7.4,6.9,4,41-9W7K
20,11,7.7,3.6,6.8,7.3,1,41-9W7K
21,2,5,2.9,9,3.4,1,41-9W7K
22,21,3.8,4,8.2,3,1,41-9W7K
23,37,1.8,5.5,7.3,1,1,41-9W7K
24,4,8,7.2,7.9,7.9,4,41-9W7K
25,20,7.9,4,7.5,7.4,3,41-9W7K
26,13,6.7,2.9,8.1,5.8,4,41-9W7K
27,31,3,3.1,8.2,1,1,41-9W7K
28,27,5,3.2,9,3.7,1,41-9W7K
29,32,3.1,5,7.1,1,1,41-9W7K
30,33,2.7,4.5,8.7,1,1,41-9W7K
31,22,4.1,4,9,2,1,41-9W7K
32,40,2.9,3.7,9,1,1,41-9W7K
33,7,6.8,6.9,7.8,7.3,5,41-9W7K
34,25,4.9,2.7,9,4.1,1,41-9W7K
35,6,5.9,4.7,9,3.4,1,41-9W7K
36,36,2.8,4.1,9,1,1,41-9W7K
37,14,6.9,3.6,7,6.6,5,41-9W7K
38,19,8.2,6.5,7.3,8.2,5,41-9W7K
1,13,6.9,3,6.8,8.1,4,42-9W7R
2,19,8.4,3.7,5.8,8.4,5,42-9W7R
3,34,3.7,5.6,4,4.2,2,42-9W7R
4,33,3.7,6.5,3.8,3,2,42-9W7R
5,9,8,3.8,6.8,7.7,5,42-9W7R
6,39,1.4,6.4,3,1,1,42-9W7R
7,38,1,6,3.7,1,1,42-9W7R
8,10,3.5,3.6,6.5,3.5,1,42-9W7R
9,6,2.1,2.9,5.7,1,5,42-9W7R
10,29,4.2,2,7.4,5.4,4,42-9W7R
11,3,6.7,3,7.3,5.9,4,42-9W7R
12,17,5,2.3,6.9,5,3,42-9W7R
13,28,5.6,1.9,4.2,7.4,5,42-9W7R
14,24,6.1,3,4.6,7.2,5,42-9W7R
15,36,1.8,6.5,4.1,1,1,42-9W7R
16,22,7.1,2.8,7.3,7.7,4,42-9W7R
17,4,7.8,4.1,7.2,7.8,5,42-9W7R
18,37,1,5.5,2.8,1,1,42-9W7R
19,23,3,3.1,3.6,3.6,2,42-9W7R
20,32,3.1,5.5,3.6,1,1,42-9W7R
21,26,7,2.3,6.9,7.7,4,42-9W7R
22,14,8.3,2.3,6.8,9,5,42-9W7R
23,12,8.4,1.4,5.5,9,5,42-9W7R
24,8,8.4,3.7,5.2,8.2,5,42-9W7R
25,1,8.7,3.1,5.2,9,5,42-9W7R
26,25,5,1.5,7.5,6.7,3,42-9W7R
27,27,5.7,2,7,6.6,3,42-9W7R
28,15,6.8,1.7,6.6,7.7,3,42-9W7R
29,21,5,1.3,6.1,6.2,3,42-9W7R
30,40,2.1,4,6.7,1,1,42-9W7R
31,2,2.6,5.8,6.2,1,1,42-9W7R
32,5,6.4,3.2,6.4,7,4,42-9W7R
33,11,8,2.5,6.7,9,5,42-9W7R
34,18,7.8,1.2,6.8,8.3,5,42-9W7R
35,31,1.3,5.6,6,1,1,42-9W7R
36,30,1.2,1.1,1.6,1,5,42-9W7R
37,20,6.6,1.4,7.9,7.4,4,42-9W7R
38,7,1,1.1,8.5,1,5,42-9W7R
1,39,4,7.5,4.8,2,1,43-9W91
2,8,5.9,3.5,9,5.1,5,43-9W91
3,31,5,5.9,9,4.4,1,43-9W91
4,11,6.4,3,9,6.8,2,43-9W91
5,32,3.9,4.2,7.1,4.3,1,43-9W91
6,27,5,2.4,8.9,5.6,2,43-9W91
7,10,6.2,6.6,9,7.3,3,43-9W91
8,37,3.9,5.5,6.7,2,1,43-9W91
9,22,5,2.1,9,6.1,1,43-9W91
10,38,4,5.5,8.5,3.6,1,43-9W91
11,23,3.9,3.2,9,6.1,1,43-9W91
12,29,4.4,3.1,9,5,1,43-9W91
13,28,5.5,2.1,9,7.8,2,43-9W91
14,26,7,1.3,9,7.4,1,43-9W91
15,36,3.6,6.7,8.5,3.8,1,43-9W91
16,30,5.2,1.5,9,9,4,43-9W91
17,13,7.3,3.4,9,7.7,1,43-9W91
18,9,7.3,6.8,9,9,5,43-9W91
19,17,6.7,2.3,9,8,2,43-9W91
20,40,3.8,5.7,9,3.6,1,43-9W91
21,19,7.6,5.8,9,9,5,43-9W91
22,21,3.9,6.5,7.6,5.8,2,43-9W91
23,4,6.7,5.9,9,6,1,43-9W91
24,24,6.4,6.4,9,7.4,5,43-9W91
25,7,6.4,6.2,9,8,5,43-9W91
26,15,6.5,2.7,9,6.6,1,43-9W91
27,34,4.4,6.9,9,5.5,3,43-9W91
28,5,6.4,6.2,9,9,5,43-9W91
29,14,8,3.6,9,9,5,43-9W91
30,25,6.1,3.8,9,9,3,43-9W91
31,18,6.6,3.2,9,7.7,5,43-9W91
32,12,6.8,1.8,8.9,8.3,2,43-9W91
33,33,4.4,5.9,8.5,3.6,1,43-9W91
34,2,6.9,6.7,9,9,5,43-9W91
35,20,6.7,5.9,9,9,5,43-9W91
36,3,7.6,6,9,9,5,43-9W91
37,6,7.6,5.6,9,9,5,43-9W91
38,1,6.5,5.4,9,9,5,43-9W91
1,8,7.2,6,3.9,7.1,5,44-9WAY
2,28,4,2.6,7.7,3.8,1,44-9WAY
3,15,5.9,2.8,7.5,5.8,1,44-9WAY
4,30,2.4,4.1,5.6,6.8,3,44-9WAY
5,10,7.6,7.6,3.4,9,5,44-9WAY
6,39,1.5,7.9,2.3,3,1,44-9WAY
7,32,3.2,6,5.7,6.5,2,44-9WAY
8,26,7,1.8,6,6.7,1,44-9WAY
9,1,8.1,5.4,6.6,8,5,44-9WAY
10,37,1,7.5,1.9,1,1,44-9WAY
11,29,9,3.3,5,3.5,1,44-9WAY
12,23,2.2,3.2,3.8,3.9,2,44-9WAY
13,31,3.9,2.9,8.6,2,1,44-9WAY
14,36,4.5,2.4,9,1.1,1,44-9WAY
15,34,2.7,2.3,9,2.9,1,44-9WAY
16,18,7.2,4.4,4.5,7.8,5,44-9WAY
17,33,3.5,5.5,6.8,2.4,1,44-9WAY
18,38,2.2,3.1,4.1,1.6,1,44-9WAY
19,14,7.4,5.7,3.7,7.7,5,44-9WAY
20,22,5.5,3.1,7.6,5.9,1,44-9WAY
21,19,8,3.3,3.3,6.9,5,44-9WAY
22,25,5,3,9,3.3,1,44-9WAY
23,2,8.9,5.8,3.8,8.7,5,44-9WAY
24,13,7.3,4,2.8,7,1,44-9WAY
25,20,7.8,6.9,3.3,6.5,3,44-9WAY
26,11,8.3,6.2,3.8,6.8,4,44-9WAY
27,6,6.8,6.5,5.6,7.5,4,44-9WAY
28,17,4.3,2.5,6.7,6.6,3,44-9WAY
29,3,6,5,7.4,6.5,5,44-9WAY
30,27,5,2.5,8.6,3.6,2,44-9WAY
31,4,7.9,7.5,3.8,7.7,5,44-9WAY
32,12,6.3,3,5,5.8,1,44-9WAY
33,21,5,4.1,5,3.6,1,44-9WAY
34,40,2.9,6.1,4.2,2.7,1,44-9WAY
35,9,6.7,4,6.7,7.2,5,44-9WAY
36,7,7.1,7.6,3.3,7.5,5,44-9WAY
37,24,3.8,2.9,6.3,4.1,5,44-9WAY
38,5,7.7,7,5,6.8,5,44-9WAY
1,7,7.2,6.4,9,7.2,5,45-9WBS
2,17,5,3.2,9,3.4,1,45-9WBS
3,34,4.3,5.8,7.5,2.3,1,45-9WBS
4,30,3.4,1.8,3.2,4.1,3,45-9WBS
5,14,7.5,6.9,5.9,8.1,5,45-9WBS
6,11,7.4,5.8,5.1,6.1,1,45-9WBS
7,6,5.8,5.7,9,5.1,1,45-9WBS
8,40,5,5.4,5,3.4,1,45-9WBS
9,36,2.8,5,5,1,1,45-9WBS
10,31,3.4,5.9,3.9,1,1,45-9WBS
11,19,7.4,6.2,4.9,7.3,5,45-9WBS
12,15,4.4,3.6,5,3.2,1,45-9WBS
13,10,5.7,4.9,5.1,6.7,1,45-9WBS
14,1,5.1,5.3,9,3.1,1,45-9WBS
15,24,4.1,8.8,2.6,8.2,5,45-9WBS
16,9,8,6.9,3.3,9,5,45-9WBS
17,29,4.1,3.5,9,7.1,5,45-9WBS
18,28,4.5,1,4.3,9,1,45-9WBS
19,20,6.8,3.5,9,5.5,3,45-9WBS
20,39,1,9,2,1,1,45-9WBS
21,26,6.3,1.9,3.4,5.6,1,45-9WBS
22,23,2.8,6.9,4.5,1,1,45-9WBS
23,21,3.7,2.6,9,1,1,45-9WBS
24,4,7.8,6.8,8.4,9,5,45-9WBS
25,13,5.6,2.6,4.2,7.8,1,45-9WBS
26,5,7.7,6.2,3.9,8.4,5,45-9WBS
27,38,1,7.2,1,1,1,45-9WBS
28,33,2.9,5.8,3.8,1,1,45-9WBS
29,18,7.6,3.4,9,7.6,5,45-9WBS
30,3,7.7,6.6,4.3,9,5,45-9WBS
31,2,3.8,5.9,8.7,2.5,4,45-9WBS
32,12,9,2.3,3,7.3,1,45-9WBS
33,27,5.4,2.5,6.2,5,3,45-9WBS
34,37,1,9,1,1,1,45-9WBS
35,22,5.2,3.5,7.6,3.1,1,45-9WBS
36,32,1,6.6,2.3,1,1,45-9WBS
37,25,6.1,2.3,3.7,4.2,1,45-9WBS
38,8,9,7.6,3.4,9,5,45-9WBS
1,12,7.4,5.8,5.5,8.2,2,46-9WCE
2,27,4.8,4.2,7.9,4,2,46-9WCE
3,31,4.2,6.1,7.4,6.5,2,46-9WCE
4,10,7,8,3,8.4,5,46-9WCE
5,9,7.6,6,3.7,7.8,5,46-9WCE
6,21,3.3,2.2,4.8,2.7,3,46-9WCE
7,19,8.3,7.9,3.5,7.9,5,46-9WCE
8,40,3.7,3.3,7.7,3.5,2,46-9WCE
9,28,4.1,3.1,7,3.7,2,46-9WCE
10,13,7,5.7,6.6,7.2,4,46-9WCE
11,39,4.3,3.4,7,3.2,2,46-9WCE
12,26,3.7,2.7,6.8,3.2,2,46-9WCE
13,2,6.9,5.7,4.1,7,4,46-9WCE
14,24,4.1,3.5,4.1,6.1,3,46-9WCE
15,32,3.2,3.5,6.1,3.5,4,46-9WCE
16,18,7.7,4.1,3.6,8.4,5,46-9WCE
17,7,8.1,7.8,3.1,7.6,5,46-9WCE
18,25,3.9,3.5,6.6,5.7,2,46-9WCE
19,37,3.3,3.2,7.1,2.8,3,46-9WCE
20,11,8,6.9,3.6,7.7,3,46-9WCE
21,30,2.8,4.3,6.1,5.8,5,46-9WCE
22,14,7.9,7.2,3.3,8.1,5,46-9WCE
23,23,2.7,3,6.6,3.6,1,46-9WCE
24,20,4.5,4.1,7.2,2.6,2,46-9WCE
25,3,6.9,6.6,3.8,6.9,5,46-9WCE
26,8,8.1,7.6,2.9,8,5,46-9WCE
27,17,4.5,6.3,6.8,6.4,3,46-9WCE
28,34,3.2,5.3,5.6,3.2,2,46-9WCE
29,29,3.8,5.3,4.1,2.4,3,46-9WCE
30,38,3,3.7,5.7,3.3,1,46-9WCE
31,36,2.8,6.5,3.7,2.1,2,46-9WCE
32,6,8.5,8.3,2.1,8.5,5,46-9WCE
33,22,3.9,3.2,5.8,5.2,1,46-9WCE
34,5,8.9,8.8,1.8,8.8,5,46-9WCE
35,15,4.4,1.9,7.4,2.8,2,46-9WCE
36,33,3.8,3.6,7.5,3,2,46-9WCE
37,1,8.8,8.2,2.3,8.6,5,46-9WCE
38,4,7.8,3.6,4.1,6.5,5,46-9WCE
1,4,7.9,6.2,8.3,8.1,5,47-9WCU
2,14,8.3,4.3,6.7,7.3,5,47-9WCU
3,17,6.8,4.1,7.7,6.5,4,47-9WCU
4,30,2,8.1,1.8,2.5,2,47-9WCU
5,10,3.9,6,3.6,3.2,1,47-9WCU
6,21,5,5,3.9,4.2,1,47-9WCU
7,23,3,7,3.4,2.9,1,47-9WCU
8,26,7,2.1,6.7,7.4,1,47-9WCU
9,32,3,5.7,3.5,1.8,1,47-9WCU
10,27,6.2,4.2,8.3,5,2,47-9WCU
11,38,1,8.9,1,1,1,47-9WCU
12,31,1.9,6.9,3.7,1,1,47-9WCU
13,7,7.1,6.7,6.7,6.1,4,47-9WCU
14,37,1,7.9,1,1,1,47-9WCU
15,9,9,6.1,8.5,9,5,47-9WCU
16,19,9,5.8,8.9,8.9,5,47-9WCU
17,34,3.6,7.1,3.5,1.8,1,47-9WCU
18,39,1.1,9,1,1,1,47-9WCU
19,15,6,2.1,7.4,6.7,1,47-9WCU
20,24,7.3,3.6,3.9,8,4,47-9WCU
21,36,3.1,5.7,7,2.5,1,47-9WCU
22,5,8.2,6.1,7.6,8.5,5,47-9WCU
23,18,8.9,6.8,3.7,8,4,47-9WCU
24,40,3.5,6.5,3.8,2.4,1,47-9WCU
25,13,7.1,2.9,6.8,6.7,4,47-9WCU
26,28,6.7,2.4,1.9,8.5,5,47-9WCU
27,2,6.2,6.3,6.5,5.7,2,47-9WCU
28,25,5.9,2.9,8.4,6,1,47-9WCU
29,8,8.1,5.8,3.3,8.4,5,47-9WCU
30,20,6.1,5.8,6.9,6.6,5,47-9WCU
31,33,2.2,7.2,2.7,2.1,1,47-9WCU
32,12,7.8,3.1,7.6,7.6,1,47-9WCU
33,22,5,5,8.4,5.5,1,47-9WCU
34,6,6.7,5.8,6.7,7.6,4,47-9WCU
35,11,8.9,6.9,2.6,8.9,3,47-9WCU
36,1,7.9,7.2,3.6,8.3,5,47-9WCU
37,29,3.1,7,2.5,7,4,47-9WCU
38,3,7,7,6.7,7.1,5,47-9WCU
1,40,2.1,8.1,2.1,1.7,1,48-9WDR
2,19,6.8,5.1,4.8,6.1,4,48-9WDR
3,31,1.2,5.8,3.9,1.4,1,48-9WDR
4,3,5.2,4,8.1,2.9,2,48-9WDR
5,39,1,8,2.7,1,1,48-9WDR
6,11,8.5,6.2,3.8,8.1,1,48-9WDR
7,23,3.2,5,5.8,2.9,2,48-9WDR
8,36,2.5,5.9,3.8,2.7,1,48-9WDR
9,9,8.9,5.1,7.4,8.7,3,48-9WDR
10,14,6,3.1,6.6,6.4,2,48-9WDR
11,34,3.2,5.7,4.7,2.6,1,48-9WDR
12,25,5.8,1.9,5.6,5.5,1,48-9WDR
13,32,3.1,7.3,2.8,1.9,3,48-9WDR
14,20,5,2,8.3,3.4,1,48-9WDR
15,27,8.5,3.4,2.9,9,4,48-9WDR
16,18,8.8,2.6,3.1,9,3,48-9WDR
17,37,1,8.4,1.8,1,1,48-9WDR
18,15,5,3.5,8.3,5.4,1,48-9WDR
19,17,6.8,2.2,6.7,6.1,2,48-9WDR
20,12,7.2,2.3,7.5,6.1,1,48-9WDR
21,24,4.8,5.9,4.6,5.1,1,48-9WDR
22,30,1.4,6,4.2,4.8,3,48-9WDR
23,21,4.6,4.4,4.4,6.1,1,48-9WDR
24,26,7.9,2.2,4.5,8,2,48-9WDR
25,38,1.1,5.5,5.6,1.4,1,48-9WDR
26,2,5,5,5,4.4,1,48-9WDR
27,22,5,4.2,6.1,5,1,48-9WDR
28,29,5.1,3.1,4.7,4.9,2,48-9WDR
29,8,7.5,5,5,6.7,1,48-9WDR
30,28,4.1,3,2.6,5.7,2,48-9WDR
31,6,5.5,5.3,4.7,5.3,2,48-9WDR
32,1,6.9,7.3,4.4,7.1,1,48-9WDR
33,7,5,6.9,4.1,5.6,2,48-9WDR
34,10,4,5.9,3.9,5,1,48-9WDR
35,33,4.2,5.6,4.8,3.3,1,48-9WDR
36,13,6.4,3.1,4.6,6.4,1,48-9WDR
37,4,8.7,8.4,3.8,8.3,4,48-9WDR
38,5,4.6,5.6,3.9,4.8,3,48-9WDR
1,32,3,6,4.3,1,1,49-9WEW
2,14,8.4,3.3,4.6,8.5,1,49-9WEW
3,5,5,4.6,4.7,1,1,49-9WEW
4,20,7.2,5.5,3.9,7.8,2,49-9WEW
5,13,7.7,3.7,3.5,7.2,1,49-9WEW
6,27,5,1.9,5.6,5,1,49-9WEW
7,34,1,6.4,3.2,1,1,49-9WEW
8,2,5,4.3,4.4,3.2,1,49-9WEW
9,37,1,7.8,1.6,1,1,49-9WEW
10,10,5,2.2,7.9,1,1,49-9WEW
11,26,3.2,4.2,3.4,6,1,49-9WEW
12,17,5,2.1,8.4,1.3,1,49-9WEW
13,22,5.5,6.2,4.5,5.5,1,49-9WEW
14,36,3.6,6.7,4.1,1.9,1,49-9WEW
15,38,1.5,6.4,2.9,1,1,49-9WEW
16,23,2.2,5.8,3.4,2.9,1,49-9WEW
17,3,7.2,6.7,3.6,6.9,1,49-9WEW
18,33,4.9,7.2,4.3,1,1,49-9WEW
19,30,1.4,6,2.8,8.4,2,49-9WEW
20,28,5,4.6,7.5,2.6,1,49-9WEW
21,19,5.4,4.1,6.3,5,1,49-9WEW
22,4,5,5.3,7.6,4.4,1,49-9WEW
23,7,6.5,6.4,6.9,6.2,1,49-9WEW
24,31,4,6.7,4.6,4.5,1,49-9WEW
25,6,7.9,7.2,3.6,7.3,1,49-9WEW
26,12,8.7,8.4,2,8.7,1,49-9WEW
27,11,8.3,7.5,3.3,8,1,49-9WEW
28,25,5.5,4.5,4.5,5.5,1,49-9WEW
29,9,7.3,6.6,4.5,6.6,1,49-9WEW
30,40,5,5,8.6,1,1,49-9WEW
31,18,8.7,8.5,1.7,8.6,5,49-9WEW
32,24,3.1,3.6,4,7,1,49-9WEW
33,21,3.1,5.7,3.6,7.7,4,49-9WEW
34,39,1,8.1,6.7,1,1,49-9WEW
35,15,7.3,4.1,4,5.2,1,49-9WEW
36,1,5.6,4.7,7.7,3.5,1,49-9WEW
37,29,4.3,4.8,4.7,4.7,1,49-9WEW
38,8,8.5,4.3,4.7,5.2,1,49-9WEW
