Frame;CaptureTime;LogTime;HMDPosition;HMDRotation;GazeStatus;CombinedGazeForward;CombinedGazePosition;InterPupillaryDistanceInMM;LeftEyeStatus;LeftEyeForward;LeftEyePosition;LeftPupilIrisDiameterRatio;LeftPupilDiameterInMM;LeftIrisDiameterInMM;RightEyeStatus;RightEyeForward;RightEyePosition;RightPupilIrisDiameterRatio;RightPupilDiameterInMM;RightIrisDiameterInMM;FocusDistance;FocusStability;SystemTime
1115894;1000005633315215722;63890768936309;(0.051, 1.094, 0.079);(-0.024, -0.005, -0.023, 0.999);VALID;(-0.040, -0.007, 0.999);(0.000, 0.000, 0.000);70,725;VALID;(-0.040, -0.007, 0.999);(-0.035, 0.000, 0.000);0,365;4,756;13,044;VALID;(-0.040, -0.007, 0.999);(0.035, 0.000, 0.000);0,365;4,877;13,364;2;1;14.8.2025 11.48.56
1115895;1000005633320216195;63890768936309;(0.051, 1.094, 0.079);(-0.024, -0.005, -0.023, 0.999);VALID;(-0.040, -0.007, 0.999);(0.000, 0.000, 0.000);70,725;VALID;(-0.040, -0.007, 0.999);(-0.035, 0.000, 0.000);0,364;4,754;13,044;VALID;(-0.040, -0.007, 0.999);(0.035, 0.000, 0.000);0,365;4,876;13,364;2;1;14.8.2025 11.48.56
1115896;1000005633325216802;63890768936309;(0.051, 1.094, 0.079);(-0.024, -0.005, -0.023, 0.999);VALID;(-0.041, -0.007, 0.999);(0.000, 0.000, 0.000);70,725;VALID;(-0.041, -0.007, 0.999);(-0.035, 0.000, 0.000);0,364;4,752;13,044;VALID;(-0.041, -0.007, 0.999);(0.035, 0.000, 0.000);0,365;4,873;13,364;2;1;14.8.2025 11.48.56
1115897;1000005633330217542;63890768936309;(0.051, 1.094, 0.079);(-0.024, -0.005, -0.023, 0.999);VALID;(-0.040, -0.007, 0.999);(0.000, 0.000, 0.000);70,725;VALID;(-0.040, -0.007, 0.999);(-0.035, 0.000, 0.000);0,364;4,753;13,044;VALID;(-0.040, -0.007, 0.999);(0.035, 0.000, 0.000);0,364;4,862;13,364;2;1;14.8.2025 11.48.56
1115898;1000005633335218332;63890768936309;(0.051, 1.094, 0.079);(-0.024, -0.005, -0.023, 0.999);VALID;(-0.040, -0.008, 0.999);(0.000, 0.000, 0.000);70,725;VALID;(-0.040, -0.008, 0.999);(-0.035, 0.000, 0.000);0,365;4,767;13,044;VALID;(-0.040, -0.008, 0.999);(0.035, 0.000, 0.000);0,364;4,859;13,364;2;0,9172891;14.8.2025 11.48.56
1115899;1000005633340219120;63890768936309;(0.051, 1.094, 0.079);(-0.024, -0.005, -0.023, 0.999);VALID;(-0.039, -0.008, 0.999);(0.000, 0.000, 0.000);70,725;VALID;(-0.039, -0.008, 0.999);(-0.035, 0.000, 0.000);0,366;4,779;13,044;VALID;(-0.039, -0.008, 0.999);(0.035, 0.000, 0.000);0,364;4,859;13,364;2;0,8103736;14.8.2025 11.48.56
1115900;1000005633345219904;63890768936309;(0.051, 1.094, 0.079);(-0.024, -0.005, -0.023, 0.999);VALID;(-0.038, -0.009, 0.999);(0.000, 0.000, 0.000);70,725;VALID;(-0.038, -0.009, 0.999);(-0.035, 0.000, 0.000);0,367;4,786;13,044;VALID;(-0.038, -0.009, 0.999);(0.035, 0.000, 0.000);0,364;4,859;13,364;2;0,8016583;14.8.2025 11.48.56
1115901;1000005633350220689;63890768936309;(0.051, 1.094, 0.079);(-0.024, -0.005, -0.023, 0.999);VALID;(-0.037, -0.010, 0.999);(0.000, 0.000, 0.000);70,725;VALID;(-0.037, -0.010, 0.999);(-0.035, 0.000, 0.000);0,367;4,788;13,044;VALID;(-0.037, -0.010, 0.999);(0.035, 0.000, 0.000);0,364;4,859;13,364;2;0,7777954;14.8.2025 11.48.56
1115902;1000005633355221471;63890768936309;(0.051, 1.094, 0.079);(-0.024, -0.005, -0.023, 0.999);VALID;(-0.035, -0.011, 0.999);(0.000, 0.000, 0.000);70,725;VALID;(-0.035, -0.011, 0.999);(-0.035, 0.000, 0.000);0,367;4,787;13,044;VALID;(-0.035, -0.011, 0.999);(0.035, 0.000, 0.000);0,364;4,860;13,364;2;0,7702811;14.8.2025 11.48.56
1115903;1000005633360222251;63890768936309;(0.051, 1.094, 0.079);(-0.024, -0.005, -0.023, 0.999);VALID;(-0.034, -0.012, 0.999);(0.000, 0.000, 0.000);70,725;VALID;(-0.034, -0.012, 0.999);(-0.035, 0.000, 0.000);0,367;4,782;13,044;VALID;(-0.034, -0.012, 0.999);(0.035, 0.000, 0.000);0,364;4,861;13,364;2;0,753932;14.8.2025 11.48.56
1115904;1000005633365223028;63890768936309;(0.051, 1.094, 0.079);(-0.024, -0.005, -0.023, 0.999);VALID;(-0.032, -0.013, 0.999);(0.000, 0.000, 0.000);70,725;VALID;(-0.032, -0.013, 0.999);(-0.035, 0.000, 0.000);0,366;4,775;13,044;VALID;(-0.032, -0.013, 0.999);(0.035, 0.000, 0.000);0,364;4,861;13,364;2;0,7404839;14.8.2025 11.48.56
1115905;1000005633370223803;63890768936309;(0.051, 1.094, 0.079);(-0.024, -0.005, -0.023, 0.999);VALID;(-0.030, -0.014, 0.999);(0.000, 0.000, 0.000);70,725;VALID;(-0.030, -0.014, 0.999);(-0.035, 0.000, 0.000);0,365;4,767;13,044;VALID;(-0.030, -0.014, 0.999);(0.035, 0.000, 0.000);0,364;4,862;13,364;2;0,7297511;14.8.2025 11.48.56
1115906;1000005633375227930;63890768936309;(0.051, 1.094, 0.079);(-0.024, -0.005, -0.023, 0.999);VALID;(-0.028, -0.015, 1.000);(0.000, 0.000, 0.000);70,725;VALID;(-0.028, -0.015, 1.000);(-0.035, 0.000, 0.000);0,365;4,761;13,044;VALID;(-0.028, -0.015, 1.000);(0.035, 0.000, 0.000);0,364;4,862;13,364;2;0,707529;14.8.2025 11.48.56
1115907;1000005633380231907;63890768936309;(0.051, 1.094, 0.079);(-0.024, -0.005, -0.023, 0.999);VALID;(-0.026, -0.016, 1.000);(0.000, 0.000, 0.000);70,725;VALID;(-0.026, -0.016, 1.000);(-0.035, 0.000, 0.000);0,365;4,756;13,044;VALID;(-0.026, -0.016, 1.000);(0.035, 0.000, 0.000);0,364;4,862;13,364;2;0,6965991;14.8.2025 11.48.56
1115908;1000005633385235845;63890768936309;(0.051, 1.094, 0.079);(-0.024, -0.005, -0.023, 0.999);VALID;(-0.025, -0.017, 1.000);(0.000, 0.000, 0.000);70,725;VALID;(-0.025, -0.017, 1.000);(-0.035, 0.000, 0.000);0,364;4,752;13,044;VALID;(-0.025, -0.017, 1.000);(0.035, 0.000, 0.000);0,364;4,862;13,364;2;0,6914491;14.8.2025 11.48.56
1115909;1000005633390239769;63890768936309;(0.051, 1.094, 0.079);(-0.024, -0.005, -0.023, 0.999);VALID;(-0.024, -0.018, 1.000);(0.000, 0.000, 0.000);70,725;VALID;(-0.024, -0.018, 1.000);(-0.035, 0.000, 0.000);0,364;4,749;13,044;VALID;(-0.024, -0.018, 1.000);(0.035, 0.000, 0.000);0,364;4,862;13,364;2;0,6877669;14.8.2025 11.48.56
1115910;1000005633395243677;63890768936309;(0.051, 1.094, 0.079);(-0.024, -0.005, -0.023, 0.999);VALID;(-0.022, -0.019, 1.000);(0.000, 0.000, 0.000);70,725;VALID;(-0.022, -0.019, 1.000);(-0.035, 0.000, 0.000);0,364;4,746;13,044;VALID;(-0.022, -0.019, 1.000);(0.035, 0.000, 0.000);0,364;4,862;13,364;2;0,6785019;14.8.2025 11.48.56
1115911;1000005633400244245;63890768936309;(0.051, 1.094, 0.079);(-0.024, -0.005, -0.023, 0.999);VALID;(-0.021, -0.020, 1.000);(0.000, 0.000, 0.000);70,725;VALID;(-0.021, -0.020, 1.000);(-0.035, 0.000, 0.000);0,364;4,742;13,044;VALID;(-0.021, -0.020, 1.000);(0.035, 0.000, 0.000);0,364;4,862;13,364;2;0,6557235;14.8.2025 11.48.56
1115912;1000005633405244946;63890768936309;(0.051, 1.094, 0.079);(-0.024, -0.005, -0.023, 0.999);VALID;(-0.020, -0.021, 1.000);(0.000, 0.000, 0.000);70,725;VALID;(-0.020, -0.021, 1.000);(-0.035, 0.000, 0.000);0,363;4,738;13,044;VALID;(-0.020, -0.021, 1.000);(0.035, 0.000, 0.000);0,364;4,862;13,364;2;0,6460069;14.8.2025 11.48.56
1115913;1000005633410249215;63890768936309;(0.051, 1.094, 0.079);(-0.024, -0.005, -0.023, 0.999);VALID;(-0.019, -0.022, 1.000);(0.000, 0.000, 0.000);70,725;VALID;(-0.019, -0.022, 1.000);(-0.035, 0.000, 0.000);0,363;4,736;13,044;VALID;(-0.019, -0.022, 1.000);(0.035, 0.000, 0.000);0,364;4,862;13,364;2;0,6348282;14.8.2025 11.48.56
1115914;1000005633415250007;63890768936310;(0.051, 1.094, 0.079);(-0.024, -0.005, -0.023, 0.999);VALID;(-0.019, -0.023, 1.000);(0.000, 0.000, 0.000);70,725;VALID;(-0.019, -0.023, 1.000);(-0.035, 0.000, 0.000);0,363;4,733;13,044;VALID;(-0.019, -0.023, 1.000);(0.035, 0.000, 0.000);0,364;4,862;13,364;2;0,631905;14.8.2025 11.48.56
1115915;1000005633420250797;63890768936310;(0.051, 1.094, 0.079);(-0.024, -0.005, -0.023, 0.999);VALID;(-0.018, -0.024, 1.000);(0.000, 0.000, 0.000);70,725;VALID;(-0.018, -0.024, 1.000);(-0.035, 0.000, 0.000);0,363;4,731;13,044;VALID;(-0.018, -0.024, 1.000);(0.035, 0.000, 0.000);0,364;4,862;13,364;2;0,637983;14.8.2025 11.48.56
1115916;1000005633425251584;63890768936310;(0.051, 1.094, 0.079);(-0.024, -0.005, -0.023, 0.999);VALID;(-0.018, -0.024, 1.000);(0.000, 0.000, 0.000);70,725;VALID;(-0.018, -0.024, 1.000);(-0.035, 0.000, 0.000);0,363;4,729;13,044;VALID;(-0.018, -0.024, 1.000);(0.035, 0.000, 0.000);0,364;4,861;13,364;2;0,7406729;14.8.2025 11.48.56
1115917;1000005633430252368;63890768936310;(0.051, 1.094, 0.079);(-0.024, -0.005, -0.023, 0.999);VALID;(-0.018, -0.025, 1.000);(0.000, 0.000, 0.000);70,725;VALID;(-0.018, -0.025, 1.000);(-0.035, 0.000, 0.000);0,362;4,727;13,044;VALID;(-0.018, -0.025, 1.000);(0.035, 0.000, 0.000);0,364;4,861;13,364;2;0,81967;14.8.2025 11.48.56
1115918;1000005633435253149;63890768936310;(0.051, 1.094, 0.079);(-0.024, -0.005, -0.023, 0.999);VALID;(-0.018, -0.025, 1.000);(0.000, 0.000, 0.000);70,725;VALID;(-0.018, -0.025, 1.000);(-0.035, 0.000, 0.000);0,362;4,725;13,044;VALID;(-0.018, -0.025, 1.000);(0.035, 0.000, 0.000);0,364;4,861;13,364;2;0,9245628;14.8.2025 11.48.56
1115919;1000005633440253927;63890768936310;(0.051, 1.094, 0.079);(-0.024, -0.005, -0.023, 0.999);VALID;(-0.018, -0.026, 1.000);(0.000, 0.000, 0.000);70,725;VALID;(-0.018, -0.026, 1.000);(-0.035, 0.000, 0.000);0,362;4,723;13,044;VALID;(-0.018, -0.026, 1.000);(0.035, 0.000, 0.000);0,364;4,861;13,364;2;0,9243839;14.8.2025 11.48.56
1115920;1000005633445254702;63890768936310;(0.051, 1.094, 0.079);(-0.024, -0.005, -0.023, 0.999);VALID;(-0.018, -0.026, 0.999);(0.000, 0.000, 0.000);70,725;VALID;(-0.018, -0.026, 0.999);(-0.035, 0.000, 0.000);0,362;4,722;13,044;VALID;(-0.018, -0.026, 0.999);(0.035, 0.000, 0.000);0,364;4,861;13,364;2;0,9402195;14.8.2025 11.48.56
1115921;1000005633450258854;63890768936310;(0.051, 1.094, 0.079);(-0.024, -0.005, -0.023, 0.999);VALID;(-0.018, -0.027, 0.999);(0.000, 0.000, 0.000);70,725;VALID;(-0.018, -0.027, 0.999);(-0.035, 0.000, 0.000);0,362;4,720;13,044;VALID;(-0.018, -0.027, 0.999);(0.035, 0.000, 0.000);0,364;4,860;13,364;2;0,9466548;14.8.2025 11.48.56
1115922;1000005633455262857;63890768936310;(0.051, 1.094, 0.079);(-0.024, -0.005, -0.023, 0.999);VALID;(-0.017, -0.027, 0.999);(0.000, 0.000, 0.000);70,725;VALID;(-0.017, -0.027, 0.999);(-0.035, 0.000, 0.000);0,362;4,717;13,044;VALID;(-0.017, -0.027, 0.999);(0.035, 0.000, 0.000);0,364;4,859;13,364;2;0,9629787;14.8.2025 11.48.56
1115923;1000005633460266712;63890768936310;(0.051, 1.094, 0.079);(-0.024, -0.005, -0.023, 0.999);VALID;(-0.017, -0.028, 0.999);(0.000, 0.000, 0.000);70,725;VALID;(-0.017, -0.028, 0.999);(-0.035, 0.000, 0.000);0,361;4,715;13,044;VALID;(-0.017, -0.028, 0.999);(0.035, 0.000, 0.000);0,364;4,859;13,364;2;0,9779124;14.8.2025 11.48.56
1115924;1000005633465270555;63890768936310;(0.051, 1.094, 0.079);(-0.024, -0.005, -0.023, 0.999);VALID;(-0.017, -0.028, 0.999);(0.000, 0.000, 0.000);70,725;VALID;(-0.017, -0.028, 0.999);(-0.035, 0.000, 0.000);0,361;4,714;13,044;VALID;(-0.017, -0.028, 0.999);(0.035, 0.000, 0.000);0,364;4,859;13,364;2;0,9852004;14.8.2025 11.48.56
1115925;1000005633470274385;63890768936310;(0.051, 1.094, 0.079);(-0.024, -0.005, -0.023, 0.999);VALID;(-0.017, -0.028, 0.999);(0.000, 0.000, 0.000);70,725;VALID;(-0.017, -0.028, 0.999);(-0.035, 0.000, 0.000);0,361;4,712;13,044;VALID;(-0.017, -0.028, 0.999);(0.035, 0.000, 0.000);0,364;4,858;13,364;2;0,9884917;14.8.2025 11.48.56
1115926;1000005633475274846;63890768936310;(0.051, 1.094, 0.079);(-0.024, -0.005, -0.023, 0.999);VALID;(-0.017, -0.028, 0.999);(0.000, 0.000, 0.000);70,725;VALID;(-0.017, -0.028, 0.999);(-0.035, 0.000, 0.000);0,361;4,712;13,044;VALID;(-0.017, -0.028, 0.999);(0.035, 0.000, 0.000);0,364;4,858;13,364;2;0,9954583;14.8.2025 11.48.56
1115927;1000005633480275440;63890768936310;(0.051, 1.094, 0.079);(-0.024, -0.005, -0.023, 0.999);VALID;(-0.017, -0.028, 0.999);(0.000, 0.000, 0.000);70,725;VALID;(-0.017, -0.028, 0.999);(-0.035, 0.000, 0.000);0,361;4,711;13,044;VALID;(-0.017, -0.028, 0.999);(0.035, 0.000, 0.000);0,363;4,858;13,364;2;1;14.8.2025 11.48.56
1115928;1000005633485276173;63890768936311;(0.051, 1.094, 0.079);(-0.024, -0.005, -0.023, 0.999);VALID;(-0.017, -0.028, 0.999);(0.000, 0.000, 0.000);70,725;VALID;(-0.017, -0.028, 0.999);(-0.035, 0.000, 0.000);0,361;4,710;13,044;VALID;(-0.017, -0.028, 0.999);(0.035, 0.000, 0.000);0,363;4,857;13,364;2;0,9992192;14.8.2025 11.48.56
1115929;1000005633490276960;63890768936311;(0.051, 1.094, 0.079);(-0.024, -0.005, -0.023, 0.999);VALID;(-0.017, -0.028, 0.999);(0.000, 0.000, 0.000);70,725;VALID;(-0.017, -0.028, 0.999);(-0.035, 0.000, 0.000);0,361;4,708;13,044;VALID;(-0.017, -0.028, 0.999);(0.035, 0.000, 0.000);0,363;4,857;13,364;2;1;14.8.2025 11.48.56
1115930;1000005633495277744;63890768936311;(0.051, 1.094, 0.079);(-0.024, -0.005, -0.023, 0.999);VALID;(-0.017, -0.028, 0.999);(0.000, 0.000, 0.000);70,725;VALID;(-0.017, -0.028, 0.999);(-0.035, 0.000, 0.000);0,361;4,707;13,044;VALID;(-0.017, -0.028, 0.999);(0.035, 0.000, 0.000);0,363;4,855;13,364;2;1;14.8.2025 11.48.56
1115931;1000005633500278525;63890768936311;(0.051, 1.094, 0.079);(-0.024, -0.005, -0.023, 0.999);VALID;(-0.017, -0.028, 0.999);(0.000, 0.000, 0.000);70,725;VALID;(-0.017, -0.028, 0.999);(-0.035, 0.000, 0.000);0,361;4,706;13,044;VALID;(-0.017, -0.028, 0.999);(0.035, 0.000, 0.000);0,363;4,855;13,364;2;1;14.8.2025 11.48.56
1115932;1000005633505279303;63890768936311;(0.051, 1.094, 0.079);(-0.024, -0.005, -0.023, 0.999);VALID;(-0.017, -0.028, 0.999);(0.000, 0.000, 0.000);70,725;VALID;(-0.017, -0.028, 0.999);(-0.035, 0.000, 0.000);0,361;4,705;13,044;VALID;(-0.017, -0.028, 0.999);(0.035, 0.000, 0.000);0,363;4,854;13,364;2;1;14.8.2025 11.48.56
1115933;1000005633510280078;63890768936311;(0.051, 1.094, 0.079);(-0.024, -0.005, -0.023, 0.999);VALID;(-0.017, -0.028, 0.999);(0.000, 0.000, 0.000);70,725;VALID;(-0.017, -0.028, 0.999);(-0.035, 0.000, 0.000);0,361;4,704;13,044;VALID;(-0.017, -0.028, 0.999);(0.035, 0.000, 0.000);0,363;4,854;13,364;2;1;14.8.2025 11.48.56
1115934;1000005633515280850;63890768936311;(0.051, 1.094, 0.079);(-0.024, -0.005, -0.023, 0.999);VALID;(-0.017, -0.028, 0.999);(0.000, 0.000, 0.000);70,725;VALID;(-0.017, -0.028, 0.999);(-0.035, 0.000, 0.000);0,361;4,703;13,044;VALID;(-0.017, -0.028, 0.999);(0.035, 0.000, 0.000);0,363;4,854;13,364;2;1;14.8.2025 11.48.56
1115935;1000005633520281619;63890768936311;(0.051, 1.094, 0.079);(-0.024, -0.005, -0.023, 0.999);VALID;(-0.017, -0.028, 0.999);(0.000, 0.000, 0.000);70,725;VALID;(-0.017, -0.028, 0.999);(-0.035, 0.000, 0.000);0,361;4,703;13,044;VALID;(-0.017, -0.028, 0.999);(0.035, 0.000, 0.000);0,363;4,853;13,364;2;1;14.8.2025 11.48.56
1115936;1000005633525285793;63890768936311;(0.051, 1.094, 0.079);(-0.024, -0.005, -0.023, 0.999);VALID;(-0.017, -0.028, 0.999);(0.000, 0.000, 0.000);70,725;VALID;(-0.017, -0.028, 0.999);(-0.035, 0.000, 0.000);0,360;4,702;13,044;VALID;(-0.017, -0.028, 0.999);(0.035, 0.000, 0.000);0,363;4,853;13,364;2;1;14.8.2025 11.48.56
1115937;1000005633530289819;63890768936311;(0.051, 1.094, 0.079);(-0.024, -0.005, -0.023, 0.999);VALID;(-0.017, -0.028, 0.999);(0.000, 0.000, 0.000);70,725;VALID;(-0.017, -0.028, 0.999);(-0.035, 0.000, 0.000);0,360;4,701;13,044;VALID;(-0.017, -0.028, 0.999);(0.035, 0.000, 0.000);0,363;4,853;13,364;2;1;14.8.2025 11.48.56
1115938;1000005633535293696;63890768936311;(0.051, 1.094, 0.079);(-0.024, -0.005, -0.023, 0.999);VALID;(-0.018, -0.028, 0.999);(0.000, 0.000, 0.000);70,725;VALID;(-0.018, -0.028, 0.999);(-0.035, 0.000, 0.000);0,360;4,701;13,044;VALID;(-0.018, -0.028, 0.999);(0.035, 0.000, 0.000);0,363;4,852;13,364;2;1;14.8.2025 11.48.56
1115939;1000005633540297505;63890768936311;(0.051, 1.094, 0.079);(-0.024, -0.005, -0.023, 0.999);VALID;(-0.018, -0.027, 0.999);(0.000, 0.000, 0.000);70,725;VALID;(-0.018, -0.027, 0.999);(-0.035, 0.000, 0.000);0,360;4,700;13,044;VALID;(-0.018, -0.027, 0.999);(0.035, 0.000, 0.000);0,363;4,852;13,364;2;1;14.8.2025 11.48.56
1115940;1000005633545301301;63890768936311;(0.051, 1.094, 0.079);(-0.024, -0.005, -0.023, 0.999);VALID;(-0.018, -0.027, 0.999);(0.000, 0.000, 0.000);70,725;VALID;(-0.018, -0.027, 0.999);(-0.035, 0.000, 0.000);0,360;4,700;13,044;VALID;(-0.018, -0.027, 0.999);(0.035, 0.000, 0.000);0,363;4,851;13,364;2;0,9983066;14.8.2025 11.48.56
1115941;1000005633550301704;63890768936311;(0.051, 1.094, 0.079);(-0.024, -0.005, -0.023, 0.999);VALID;(-0.018, -0.027, 0.999);(0.000, 0.000, 0.000);70,725;VALID;(-0.018, -0.027, 0.999);(-0.035, 0.000, 0.000);0,360;4,700;13,044;VALID;(-0.018, -0.027, 0.999);(0.035, 0.000, 0.000);0,363;4,849;13,364;2;0,9974169;14.8.2025 11.48.56
1115942;1000005633555302241;63890768936311;(0.051, 1.094, 0.079);(-0.024, -0.005, -0.023, 0.999);VALID;(-0.018, -0.027, 0.999);(0.000, 0.000, 0.000);70,725;VALID;(-0.018, -0.027, 0.999);(-0.035, 0.000, 0.000);0,360;4,700;13,044;VALID;(-0.018, -0.027, 0.999);(0.035, 0.000, 0.000);0,363;4,847;13,364;2;0,9798032;14.8.2025 11.48.56
1115943;1000005633560302913;63890768936311;(0.051, 1.094, 0.079);(-0.024, -0.005, -0.023, 0.999);VALID;(-0.018, -0.027, 0.999);(0.000, 0.000, 0.000);70,725;VALID;(-0.018, -0.027, 0.999);(-0.035, 0.000, 0.000);0,360;4,699;13,044;VALID;(-0.018, -0.027, 0.999);(0.035, 0.000, 0.000);0,363;4,846;13,364;2;0,9784042;14.8.2025 11.48.56
1115944;1000005633565303719;63890768936312;(0.051, 1.094, 0.079);(-0.024, -0.005, -0.023, 0.999);VALID;(-0.018, -0.027, 0.999);(0.000, 0.000, 0.000);70,725;VALID;(-0.018, -0.027, 0.999);(-0.035, 0.000, 0.000);0,360;4,699;13,044;VALID;(-0.018, -0.027, 0.999);(0.035, 0.000, 0.000);0,363;4,845;13,364;2;0,9938274;14.8.2025 11.48.56
1115945;1000005633570304523;63890768936312;(0.051, 1.094, 0.079);(-0.024, -0.005, -0.023, 0.999);VALID;(-0.018, -0.027, 0.999);(0.000, 0.000, 0.000);70,725;VALID;(-0.018, -0.027, 0.999);(-0.035, 0.000, 0.000);0,360;4,699;13,044;VALID;(-0.018, -0.027, 0.999);(0.035, 0.000, 0.000);0,363;4,845;13,364;2;0,98949;14.8.2025 11.48.56
1115946;1000005633575305325;63890768936312;(0.051, 1.094, 0.079);(-0.024, -0.005, -0.023, 0.999);VALID;(-0.018, -0.027, 0.999);(0.000, 0.000, 0.000);70,725;VALID;(-0.018, -0.027, 0.999);(-0.035, 0.000, 0.000);0,360;4,699;13,044;VALID;(-0.018, -0.027, 0.999);(0.035, 0.000, 0.000);0,363;4,845;13,364;2;0,9942219;14.8.2025 11.48.56
1115947;1000005633580306124;63890768936312;(0.051, 1.094, 0.079);(-0.024, -0.005, -0.023, 0.999);VALID;(-0.018, -0.027, 0.999);(0.000, 0.000, 0.000);70,725;VALID;(-0.018, -0.027, 0.999);(-0.035, 0.000, 0.000);0,360;4,699;13,044;VALID;(-0.018, -0.027, 0.999);(0.035, 0.000, 0.000);0,362;4,844;13,364;2;0,9862957;14.8.2025 11.48.56
1115948;1000005633585306919;63890768936312;(0.051, 1.094, 0.079);(-0.024, -0.005, -0.023, 0.999);VALID;(-0.018, -0.027, 0.999);(0.000, 0.000, 0.000);70,725;VALID;(-0.018, -0.027, 0.999);(-0.035, 0.000, 0.000);0,360;4,698;13,044;VALID;(-0.018, -0.027, 0.999);(0.035, 0.000, 0.000);0,362;4,844;13,364;2;0,9898964;14.8.2025 11.48.56
1115949;1000005633590307713;63890768936312;(0.051, 1.094, 0.079);(-0.024, -0.005, -0.023, 0.999);VALID;(-0.019, -0.027, 0.999);(0.000, 0.000, 0.000);70,725;VALID;(-0.019, -0.027, 0.999);(-0.035, 0.000, 0.000);0,360;4,698;13,044;VALID;(-0.019, -0.027, 0.999);(0.035, 0.000, 0.000);0,362;4,844;13,364;2;0,9686418;14.8.2025 11.48.56
1115950;1000005633595308504;63890768936312;(0.051, 1.094, 0.079);(-0.024, -0.005, -0.023, 0.999);VALID;(-0.019, -0.027, 0.999);(0.000, 0.000, 0.000);70,725;VALID;(-0.019, -0.027, 0.999);(-0.035, 0.000, 0.000);0,360;4,698;13,044;VALID;(-0.019, -0.027, 0.999);(0.035, 0.000, 0.000);0,362;4,844;13,364;2;0,9778627;14.8.2025 11.48.56
1115951;1000005633600312725;63890768936312;(0.051, 1.094, 0.079);(-0.024, -0.005, -0.023, 0.999);VALID;(-0.019, -0.027, 0.999);(0.000, 0.000, 0.000);70,725;VALID;(-0.019, -0.027, 0.999);(-0.035, 0.000, 0.000);0,360;4,697;13,044;VALID;(-0.019, -0.027, 0.999);(0.035, 0.000, 0.000);0,362;4,844;13,364;2;0,9432939;14.8.2025 11.48.56
1115952;1000005633605316797;63890768936312;(0.051, 1.094, 0.079);(-0.024, -0.005, -0.023, 0.999);VALID;(-0.019, -0.027, 0.999);(0.000, 0.000, 0.000);70,725;VALID;(-0.019, -0.027, 0.999);(-0.035, 0.000, 0.000);0,360;4,697;13,044;VALID;(-0.019, -0.027, 0.999);(0.035, 0.000, 0.000);0,362;4,844;13,364;2;0,9506418;14.8.2025 11.48.56
1115953;1000005633610320715;63890768936312;(0.051, 1.094, 0.079);(-0.024, -0.005, -0.023, 0.999);VALID;(-0.019, -0.027, 0.999);(0.000, 0.000, 0.000);70,725;VALID;(-0.019, -0.027, 0.999);(-0.035, 0.000, 0.000);0,360;4,697;13,044;VALID;(-0.019, -0.027, 0.999);(0.035, 0.000, 0.000);0,362;4,843;13,364;2;0,9459492;14.8.2025 11.48.56
1115954;1000005633615324483;63890768936312;(0.051, 1.094, 0.079);(-0.024, -0.005, -0.023, 0.999);VALID;(-0.019, -0.026, 0.999);(0.000, 0.000, 0.000);70,725;VALID;(-0.019, -0.026, 0.999);(-0.035, 0.000, 0.000);0,360;4,697;13,044;VALID;(-0.019, -0.026, 0.999);(0.035, 0.000, 0.000);0,362;4,843;13,364;2;0,9504743;14.8.2025 11.48.56
1115955;1000005633620328236;63890768936312;(0.051, 1.094, 0.079);(-0.024, -0.005, -0.023, 0.999);VALID;(-0.019, -0.026, 0.999);(0.000, 0.000, 0.000);70,725;VALID;(-0.019, -0.026, 0.999);(-0.035, 0.000, 0.000);0,360;4,697;13,044;VALID;(-0.019, -0.026, 0.999);(0.035, 0.000, 0.000);0,362;4,843;13,364;2;0,923137;14.8.2025 11.48.56
1115956;1000005633625328571;63890768936312;(0.051, 1.094, 0.079);(-0.024, -0.005, -0.023, 0.999);VALID;(-0.019, -0.026, 0.999);(0.000, 0.000, 0.000);70,725;VALID;(-0.019, -0.026, 0.999);(-0.035, 0.000, 0.000);0,360;4,697;13,044;VALID;(-0.019, -0.026, 0.999);(0.035, 0.000, 0.000);0,362;4,842;13,364;2;0,9435512;14.8.2025 11.48.56
1115957;1000005633630329040;63890768936312;(0.051, 1.094, 0.079);(-0.024, -0.005, -0.023, 0.999);VALID;(-0.020, -0.026, 0.999);(0.000, 0.000, 0.000);70,725;VALID;(-0.020, -0.026, 0.999);(-0.035, 0.000, 0.000);0,360;4,697;13,044;VALID;(-0.020, -0.026, 0.999);(0.035, 0.000, 0.000);0,362;4,842;13,364;2;0,9527967;14.8.2025 11.48.56
1115958;1000005633635329641;63890768936312;(0.051, 1.094, 0.079);(-0.024, -0.005, -0.023, 0.999);VALID;(-0.020, -0.026, 0.999);(0.000, 0.000, 0.000);70,725;VALID;(-0.020, -0.026, 0.999);(-0.035, 0.000, 0.000);0,360;4,697;13,044;VALID;(-0.020, -0.026, 0.999);(0.035, 0.000, 0.000);0,362;4,842;13,364;2;0,9433761;14.8.2025 11.48.56
1115959;1000005633640330378;63890768936312;(0.051, 1.094, 0.079);(-0.024, -0.005, -0.023, 0.999);VALID;(-0.020, -0.026, 0.999);(0.000, 0.000, 0.000);70,725;VALID;(-0.020, -0.026, 0.999);(-0.035, 0.000, 0.000);0,360;4,697;13,044;VALID;(-0.020, -0.026, 0.999);(0.035, 0.000, 0.000);0,362;4,841;13,364;2;0,9514956;14.8.2025 11.48.56
1115960;1000005633645331167;63890768936312;(0.051, 1.094, 0.079);(-0.024, -0.005, -0.023, 0.999);VALID;(-0.020, -0.026, 0.999);(0.000, 0.000, 0.000);70,725;VALID;(-0.020, -0.026, 0.999);(-0.035, 0.000, 0.000);0,360;4,698;13,044;VALID;(-0.020, -0.026, 0.999);(0.035, 0.000, 0.000);0,362;4,841;13,364;2;0,9537726;14.8.2025 11.48.56
1115961;1000005633650335440;63890768936312;(0.051, 1.094, 0.079);(-0.024, -0.005, -0.023, 0.999);VALID;(-0.020, -0.026, 0.999);(0.000, 0.000, 0.000);70,725;VALID;(-0.020, -0.026, 0.999);(-0.035, 0.000, 0.000);0,360;4,698;13,044;VALID;(-0.020, -0.026, 0.999);(0.035, 0.000, 0.000);0,362;4,841;13,364;2;0,9671662;14.8.2025 11.48.56
1115962;1000005633655336237;63890768936312;(0.051, 1.094, 0.079);(-0.024, -0.005, -0.023, 0.999);VALID;(-0.020, -0.026, 0.999);(0.000, 0.000, 0.000);70,725;VALID;(-0.020, -0.026, 0.999);(-0.035, 0.000, 0.000);0,360;4,700;13,044;VALID;(-0.020, -0.026, 0.999);(0.035, 0.000, 0.000);0,362;4,841;13,364;2;0,9701821;14.8.2025 11.48.56
1115963;1000005633660337032;63890768936312;(0.051, 1.094, 0.079);(-0.024, -0.005, -0.023, 0.999);VALID;(-0.021, -0.026, 0.999);(0.000, 0.000, 0.000);70,725;VALID;(-0.021, -0.026, 0.999);(-0.035, 0.000, 0.000);0,360;4,701;13,044;VALID;(-0.021, -0.026, 0.999);(0.035, 0.000, 0.000);0,362;4,841;13,364;2;0,956647;14.8.2025 11.48.56
1115964;1000005633665337824;63890768936312;(0.051, 1.094, 0.079);(-0.024, -0.005, -0.023, 0.999);VALID;(-0.021, -0.026, 0.999);(0.000, 0.000, 0.000);70,725;VALID;(-0.021, -0.026, 0.999);(-0.035, 0.000, 0.000);0,360;4,701;13,044;VALID;(-0.021, -0.026, 0.999);(0.035, 0.000, 0.000);0,362;4,841;13,364;2;0,9615074;14.8.2025 11.48.56
1115965;1000005633670338615;63890768936312;(0.051, 1.094, 0.079);(-0.024, -0.005, -0.023, 0.999);VALID;(-0.021, -0.026, 0.999);(0.000, 0.000, 0.000);70,725;VALID;(-0.021, -0.026, 0.999);(-0.035, 0.000, 0.000);0,360;4,702;13,044;VALID;(-0.021, -0.026, 0.999);(0.035, 0.000, 0.000);0,362;4,841;13,364;2;0,9575395;14.8.2025 11.48.56
1115966;1000005633675342865;63890768936312;(0.051, 1.094, 0.079);(-0.024, -0.005, -0.023, 0.999);VALID;(-0.021, -0.026, 0.999);(0.000, 0.000, 0.000);70,725;VALID;(-0.021, -0.026, 0.999);(-0.035, 0.000, 0.000);0,360;4,702;13,044;VALID;(-0.021, -0.026, 0.999);(0.035, 0.000, 0.000);0,362;4,841;13,364;2;0,9749802;14.8.2025 11.48.56
1115967;1000005633680346965;63890768936312;(0.051, 1.094, 0.079);(-0.024, -0.005, -0.023, 0.999);VALID;(-0.021, -0.027, 0.999);(0.000, 0.000, 0.000);70,725;VALID;(-0.021, -0.027, 0.999);(-0.035, 0.000, 0.000);0,361;4,702;13,044;VALID;(-0.021, -0.027, 0.999);(0.035, 0.000, 0.000);0,362;4,841;13,364;2;0,9786428;14.8.2025 11.48.56
1115968;1000005633685350916;63890768936312;(0.051, 1.094, 0.079);(-0.024, -0.005, -0.023, 0.999);VALID;(-0.021, -0.027, 0.999);(0.000, 0.000, 0.000);70,725;VALID;(-0.021, -0.027, 0.999);(-0.035, 0.000, 0.000);0,361;4,703;13,044;VALID;(-0.021, -0.027, 0.999);(0.035, 0.000, 0.000);0,362;4,841;13,364;2;1;14.8.2025 11.48.56
1115969;1000005633690354722;63890768936312;(0.051, 1.094, 0.079);(-0.024, -0.005, -0.023, 0.999);VALID;(-0.021, -0.027, 0.999);(0.000, 0.000, 0.000);70,725;VALID;(-0.021, -0.027, 0.999);(-0.035, 0.000, 0.000);0,361;4,703;13,044;VALID;(-0.021, -0.027, 0.999);(0.035, 0.000, 0.000);0,362;4,841;13,364;2;1;14.8.2025 11.48.56
1115970;1000005633695358433;63890768936312;(0.051, 1.094, 0.079);(-0.024, -0.005, -0.023, 0.999);VALID;(-0.021, -0.027, 0.999);(0.000, 0.000, 0.000);70,725;VALID;(-0.021, -0.027, 0.999);(-0.035, 0.000, 0.000);0,361;4,703;13,044;VALID;(-0.021, -0.027, 0.999);(0.035, 0.000, 0.000);0,362;4,841;13,364;2;1;14.8.2025 11.48.56
1115971;1000005633700358698;63890768936313;(0.051, 1.094, 0.079);(-0.024, -0.005, -0.023, 0.999);VALID;(-0.021, -0.027, 0.999);(0.000, 0.000, 0.000);70,725;VALID;(-0.021, -0.027, 0.999);(-0.035, 0.000, 0.000);0,361;4,704;13,044;VALID;(-0.021, -0.027, 0.999);(0.035, 0.000, 0.000);0,362;4,841;13,364;2;1;14.8.2025 11.48.56
1115972;1000005633705359097;63890768936313;(0.051, 1.094, 0.079);(-0.024, -0.005, -0.023, 0.999);VALID;(-0.021, -0.027, 0.999);(0.000, 0.000, 0.000);70,725;VALID;(-0.021, -0.027, 0.999);(-0.035, 0.000, 0.000);0,361;4,704;13,044;VALID;(-0.021, -0.027, 0.999);(0.035, 0.000, 0.000);0,362;4,841;13,364;2;1;14.8.2025 11.48.56
1115973;1000005633710359629;63890768936313;(0.051, 1.094, 0.079);(-0.024, -0.005, -0.023, 0.999);VALID;(-0.021, -0.027, 0.999);(0.000, 0.000, 0.000);70,725;VALID;(-0.021, -0.027, 0.999);(-0.035, 0.000, 0.000);0,361;4,705;13,044;VALID;(-0.021, -0.027, 0.999);(0.035, 0.000, 0.000);0,362;4,841;13,364;2;1;14.8.2025 11.48.56
1115974;1000005633715360296;63890768936313;(0.051, 1.094, 0.079);(-0.024, -0.005, -0.023, 0.999);VALID;(-0.021, -0.027, 0.999);(0.000, 0.000, 0.000);70,725;VALID;(-0.021, -0.027, 0.999);(-0.035, 0.000, 0.000);0,361;4,706;13,044;VALID;(-0.021, -0.027, 0.999);(0.035, 0.000, 0.000);0,362;4,841;13,364;2;1;14.8.2025 11.48.56
1115975;1000005633720361095;63890768936313;(0.051, 1.094, 0.079);(-0.024, -0.005, -0.023, 0.999);VALID;(-0.021, -0.027, 0.999);(0.000, 0.000, 0.000);70,725;VALID;(-0.021, -0.027, 0.999);(-0.035, 0.000, 0.000);0,361;4,707;13,044;VALID;(-0.021, -0.027, 0.999);(0.035, 0.000, 0.000);0,362;4,842;13,364;2;1;14.8.2025 11.48.56
1115976;1000005633725361892;63890768936313;(0.051, 1.094, 0.079);(-0.024, -0.005, -0.023, 0.999);VALID;(-0.021, -0.027, 0.999);(0.000, 0.000, 0.000);70,725;VALID;(-0.021, -0.027, 0.999);(-0.035, 0.000, 0.000);0,361;4,709;13,044;VALID;(-0.021, -0.027, 0.999);(0.035, 0.000, 0.000);0,362;4,843;13,364;2;1;14.8.2025 11.48.56
1115977;1000005633730362686;63890768936313;(0.051, 1.094, 0.079);(-0.024, -0.005, -0.023, 0.999);VALID;(-0.021, -0.027, 0.999);(0.000, 0.000, 0.000);70,725;VALID;(-0.021, -0.027, 0.999);(-0.035, 0.000, 0.000);0,361;4,710;13,044;VALID;(-0.021, -0.027, 0.999);(0.035, 0.000, 0.000);0,362;4,844;13,364;2;1;14.8.2025 11.48.56
1115978;1000005633735363478;63890768936313;(0.051, 1.094, 0.079);(-0.024, -0.005, -0.023, 0.999);VALID;(-0.021, -0.027, 0.999);(0.000, 0.000, 0.000);70,725;VALID;(-0.021, -0.027, 0.999);(-0.035, 0.000, 0.000);0,361;4,711;13,044;VALID;(-0.021, -0.027, 0.999);(0.035, 0.000, 0.000);0,363;4,845;13,364;2;1;14.8.2025 11.48.56
1115979;1000005633740364267;63890768936313;(0.051, 1.094, 0.079);(-0.024, -0.005, -0.023, 0.999);VALID;(-0.021, -0.027, 0.999);(0.000, 0.000, 0.000);70,725;VALID;(-0.021, -0.027, 0.999);(-0.035, 0.000, 0.000);0,361;4,711;13,044;VALID;(-0.021, -0.027, 0.999);(0.035, 0.000, 0.000);0,363;4,845;13,364;2;1;14.8.2025 11.48.56
1115980;1000005633745365054;63890768936313;(0.051, 1.094, 0.079);(-0.024, -0.005, -0.023, 0.999);VALID;(-0.021, -0.027, 0.999);(0.000, 0.000, 0.000);70,725;VALID;(-0.021, -0.027, 0.999);(-0.035, 0.000, 0.000);0,361;4,713;13,044;VALID;(-0.021, -0.027, 0.999);(0.035, 0.000, 0.000);0,363;4,846;13,364;2;1;14.8.2025 11.48.56
1115981;1000005633750369299;63890768936313;(0.051, 1.094, 0.079);(-0.024, -0.005, -0.023, 0.999);VALID;(-0.021, -0.027, 0.999);(0.000, 0.000, 0.000);70,725;VALID;(-0.021, -0.027, 0.999);(-0.035, 0.000, 0.000);0,361;4,714;13,044;VALID;(-0.021, -0.027, 0.999);(0.035, 0.000, 0.000);0,363;4,846;13,364;2;1;14.8.2025 11.48.56
1115982;1000005633755373421;63890768936313;(0.051, 1.094, 0.079);(-0.024, -0.005, -0.023, 0.999);VALID;(-0.021, -0.027, 0.999);(0.000, 0.000, 0.000);70,725;VALID;(-0.021, -0.027, 0.999);(-0.035, 0.000, 0.000);0,361;4,715;13,044;VALID;(-0.021, -0.027, 0.999);(0.035, 0.000, 0.000);0,363;4,846;13,364;2;1;14.8.2025 11.48.56
1115983;1000005633760377394;63890768936313;(0.051, 1.094, 0.079);(-0.024, -0.005, -0.023, 0.999);VALID;(-0.021, -0.027, 0.999);(0.000, 0.000, 0.000);70,725;VALID;(-0.021, -0.027, 0.999);(-0.035, 0.000, 0.000);0,362;4,717;13,044;VALID;(-0.021, -0.027, 0.999);(0.035, 0.000, 0.000);0,363;4,846;13,364;2;1;14.8.2025 11.48.56
1115984;1000005633765381218;63890768936313;(0.051, 1.094, 0.079);(-0.024, -0.005, -0.023, 0.999);VALID;(-0.021, -0.027, 0.999);(0.000, 0.000, 0.000);70,725;VALID;(-0.021, -0.027, 0.999);(-0.035, 0.000, 0.000);0,362;4,718;13,044;VALID;(-0.021, -0.027, 0.999);(0.035, 0.000, 0.000);0,363;4,846;13,364;2;1;14.8.2025 11.48.56
1115985;1000005633770384892;63890768936313;(0.051, 1.094, 0.079);(-0.024, -0.005, -0.023, 0.999);VALID;(-0.021, -0.027, 0.999);(0.000, 0.000, 0.000);70,725;VALID;(-0.021, -0.027, 0.999);(-0.035, 0.000, 0.000);0,362;4,719;13,044;VALID;(-0.021, -0.027, 0.999);(0.035, 0.000, 0.000);0,363;4,847;13,364;2;1;14.8.2025 11.48.56
1115986;1000005633775388554;63890768936313;(0.051, 1.094, 0.079);(-0.024, -0.005, -0.023, 0.999);VALID;(-0.021, -0.027, 0.999);(0.000, 0.000, 0.000);70,725;VALID;(-0.021, -0.027, 0.999);(-0.035, 0.000, 0.000);0,362;4,720;13,044;VALID;(-0.021, -0.027, 0.999);(0.035, 0.000, 0.000);0,363;4,847;13,364;2;1;14.8.2025 11.48.56
1115987;1000005633780388852;63890768936313;(0.051, 1.094, 0.079);(-0.024, -0.005, -0.023, 0.999);VALID;(-0.021, -0.027, 0.999);(0.000, 0.000, 0.000);70,725;VALID;(-0.021, -0.027, 0.999);(-0.035, 0.000, 0.000);0,362;4,721;13,044;VALID;(-0.021, -0.027, 0.999);(0.035, 0.000, 0.000);0,363;4,847;13,364;2;1;14.8.2025 11.48.56
1115988;1000005633785389283;63890768936313;(0.051, 1.094, 0.079);(-0.024, -0.005, -0.023, 0.999);VALID;(-0.021, -0.028, 0.999);(0.000, 0.000, 0.000);70,725;VALID;(-0.021, -0.028, 0.999);(-0.035, 0.000, 0.000);0,362;4,722;13,044;VALID;(-0.021, -0.028, 0.999);(0.035, 0.000, 0.000);0,363;4,847;13,364;2;1;14.8.2025 11.48.56
1115989;1000005633790389848;63890768936313;(0.051, 1.094, 0.079);(-0.024, -0.005, -0.023, 0.999);VALID;(-0.020, -0.028, 0.999);(0.000, 0.000, 0.000);70,725;VALID;(-0.020, -0.028, 0.999);(-0.035, 0.000, 0.000);0,362;4,722;13,044;VALID;(-0.020, -0.028, 0.999);(0.035, 0.000, 0.000);0,363;4,847;13,364;2;1;14.8.2025 11.48.56
1115990;1000005633795390546;63890768936313;(0.051, 1.094, 0.079);(-0.024, -0.005, -0.023, 0.999);VALID;(-0.020, -0.028, 0.999);(0.000, 0.000, 0.000);70,725;VALID;(-0.020, -0.028, 0.999);(-0.035, 0.000, 0.000);0,362;4,724;13,044;VALID;(-0.020, -0.028, 0.999);(0.035, 0.000, 0.000);0,363;4,847;13,364;2;1;14.8.2025 11.48.56
1115991;1000005633800391322;63890768936313;(0.051, 1.094, 0.079);(-0.024, -0.005, -0.023, 0.999);VALID;(-0.020, -0.028, 0.999);(0.000, 0.000, 0.000);70,725;VALID;(-0.020, -0.028, 0.999);(-0.035, 0.000, 0.000);0,362;4,725;13,044;VALID;(-0.020, -0.028, 0.999);(0.035, 0.000, 0.000);0,363;4,847;13,364;2;1;14.8.2025 11.48.56
1115992;1000005633805392095;63890768936321;(0.051, 1.094, 0.079);(-0.024, -0.005, -0.023, 0.999);VALID;(-0.020, -0.028, 0.999);(0.000, 0.000, 0.000);70,725;VALID;(-0.020, -0.028, 0.999);(-0.035, 0.000, 0.000);0,362;4,726;13,044;VALID;(-0.020, -0.028, 0.999);(0.035, 0.000, 0.000);0,363;4,847;13,364;2;1;14.8.2025 11.48.56
