participantID,seq,exp,nSamples,medianVal,maxVal
01-9TZK,1,7,1908,141.54265524638,249.733861682294
01-9TZK,2,4,1906,147.424538954167,242.067634971674
01-9TZK,3,40,1904,131.297664568819,253.384357033403
01-9TZK,4,17,1906,156.213770561595,277.944690781315
01-9TZK,5,23,1904,135.685602140639,252.179567082674
01-9TZK,6,2,1905,155.806974773946,265.847894411889
01-9TZK,7,32,1907,172.529275826188,263.025283416307
01-9TZK,8,14,1908,52.7493868290597,260.831984121379
01-9TZK,9,18,1905,126.672519328296,226.22487590319
01-9TZK,10,25,1906,141.299537283217,233.743463693906
01-9TZK,11,13,1906,114.58291240526,209.727871575289
01-9TZK,12,1,1908,150.795507335381,230.582169208305
01-9TZK,13,39,1905,142.729337680254,225.498258257859
01-9TZK,14,6,1906,133.250623609879,266.117343121012
01-9TZK,15,20,1905,141.07859668363,258.319899354221
01-9TZK,16,36,1906,116.433274157475,225.714244590288
01-9TZK,17,9,1903,130.887311805054,248.10376409468
01-9TZK,18,37,1905,151.142052304199,243.979009701029
01-9TZK,19,27,1905,139.912507278362,233.599732935454
01-9TZK,20,3,1905,162.527098730175,253.362339494116
01-9TZK,21,24,1905,161.862717993114,306.656637788928
01-9TZK,22,26,1908,164.421763713074,325.765302282499
01-9TZK,23,11,1906,141.505410212997,227.826121360956
01-9TZK,24,34,1905,150.111081365894,251.90447507707
01-9TZK,25,31,1906,128.092510228148,230.767004841982
01-9TZK,26,10,1904,176.430323816582,315.085230272573
01-9TZK,27,15,1904,157.663880062365,261.838983370362
01-9TZK,28,33,1906,169.392013844329,276.680407730645
01-9TZK,29,8,1906,155.322489494251,268.447315162038
01-9TZK,30,28,1905,152.398549854378,234.228815223657
01-9TZK,31,38,1907,160.702563803325,283.31628459666
01-9TZK,32,19,1904,145.354632927912,244.940259286108
01-9TZK,33,22,1903,124.518718316201,219.992446947487
01-9TZK,34,30,1904,124.858381834827,207.327782853433
01-9TZK,35,12,1904,140.055847424124,239.057424199323
01-9TZK,36,29,1903,129.773535412483,230.387055047533
01-9TZK,37,21,1906,152.097375697704,271.23323207046
01-9TZK,38,5,1907,140.335817080286,227.622642870382
02-9TZO,1,15,1904,212.212556655117,280.915922760685
02-9TZO,2,19,1904,219.277106771609,370.04342551678
02-9TZO,3,33,1906,212.40573983605,413.213235187748
02-9TZO,4,40,1906,215.560409882926,383.230430536776
02-9TZO,5,28,1905,203.712913570635,366.92500257793
02-9TZO,6,24,1907,203.876598330758,353.791703389722
02-9TZO,7,21,1906,220.269624440222,387.797120499411
02-9TZO,8,14,1907,192.753365592486,357.534232749656
02-9TZO,9,39,1906,204.143351120817,411.041634849626
02-9TZO,10,11,1907,215.399393503667,389.874956791794
02-9TZO,11,5,1905,231.75087831061,403.173084102448
02-9TZO,12,6,1907,226.699707592045,440.948234965816
02-9TZO,13,18,1907,206.910297365255,422.74633169574
02-9TZO,14,25,1903,200.978992281013,444.617012522665
02-9TZO,15,38,1904,218.409484405071,382.364652237219
02-9TZO,16,4,1904,215.015976584175,381.635653885699
02-9TZO,17,29,1905,223.311357260313,399.275113869523
02-9TZO,18,12,1904,217.51196886235,428.283323366358
02-9TZO,19,26,1905,212.295830744692,407.360433459957
02-9TZO,20,1,1905,224.096131521515,416.927959080356
02-9TZO,21,13,1905,214.468713972813,420.826093464951
02-9TZO,22,17,1906,201.37570011162,305.824251001973
02-9TZO,23,34,1905,213.33634678337,408.430703542163
02-9TZO,24,9,1905,199.101411366749,387.142467797033
02-9TZO,25,27,1905,197.213171294602,408.451051802708
02-9TZO,26,31,1905,220.015216582129,403.988776078624
02-9TZO,27,32,1904,202.665820883401,402.30140669889
02-9TZO,28,37,1904,211.163672396636,409.053514218007
02-9TZO,29,20,1906,226.747410484392,426.915442118963
02-9TZO,30,23,1904,208.887080379993,378.126924340604
02-9TZO,31,2,1905,218.197094699206,360.693602728762
02-9TZO,32,22,1904,217.029232972042,369.446223438019
02-9TZO,33,10,1904,213.652975316522,389.501580143609
02-9TZO,34,36,1905,205.203014575749,495.467374380301
02-9TZO,35,30,1905,218.096107541508,372.805504629067
02-9TZO,36,8,1905,215.224106615039,411.037480134318
02-9TZO,37,3,1906,221.652718319218,389.16485456016
02-9TZO,38,7,1905,247.192818644186,452.188609803157
03-9U4C,1,6,1906,193.842110471152,318.576939325336
03-9U4C,2,21,1906,185.511177177036,307.395488535756
03-9U4C,3,34,1905,193.266844205182,281.530266373445
03-9U4C,4,38,1905,192.270789493484,292.704822958848
03-9U4C,5,2,1905,191.851396975737,295.773569744997
03-9U4C,6,31,1904,164.643528065667,266.183219151528
03-9U4C,7,12,1905,198.39854768904,274.201413926647
03-9U4C,8,1,1904,205.829553007143,290.028216290359
03-9U4C,9,32,1907,208.642353904355,286.819438682975
03-9U4C,10,23,1905,193.936942264286,286.802568229691
03-9U4C,11,25,1904,187.226999832956,283.123130665135
03-9U4C,12,40,1904,176.515946329362,274.485060727873
03-9U4C,13,13,1906,197.157887471295,306.034885066462
03-9U4C,14,17,1905,180.17082383912,271.193562792117
03-9U4C,15,26,1905,167.10620333024,311.635870161909
03-9U4C,16,20,1905,198.671797001738,316.73724215381
03-9U4C,17,14,1904,210.482969454321,286.79581977051
03-9U4C,18,7,1905,205.328919448412,299.84593066402
03-9U4C,19,11,1905,207.103066407082,305.774734664901
03-9U4C,20,28,1906,212.290855302663,285.097303925955
03-9U4C,21,15,1904,201.777694239586,338.020829574738
03-9U4C,22,8,1905,194.383757584689,277.060976431125
03-9U4C,23,9,1905,188.514908777278,455.436310835815
03-9U4C,24,36,1904,202.48358809747,324.529450002889
03-9U4C,25,39,1906,93.8027926715066,308.279402682657
03-9U4C,26,29,1905,189.540614283694,301.100288972666
03-9U4C,27,24,1905,189.397902942151,371.745983905676
03-9U4C,28,33,1904,192.066201299662,310.187254954765
03-9U4C,29,3,1906,194.897612653469,325.071534361358
03-9U4C,30,19,1904,202.18621056715,291.257233342284
03-9U4C,31,18,1905,180.279162318931,290.244626077322
03-9U4C,32,10,1904,191.37993080436,280.195217493018
03-9U4C,33,22,1906,209.645464712593,279.318623499056
03-9U4C,34,27,1904,195.322560613585,334.344042771019
03-9U4C,35,4,1905,195.230006056595,291.393818111036
03-9U4C,36,30,1905,197.134066029436,290.793069989186
03-9U4C,37,37,1904,171.884176730192,362.386051576983
03-9U4C,38,5,1906,206.376978495304,355.351729071901
04-9U66,1,17,1907,192.35485420645,295.206997292677
04-9U66,2,2,1906,226.502379876696,287.879097698125
04-9U66,3,12,1904,187.325312347557,262.220251384995
04-9U66,4,23,1907,195.372245063221,264.506003027053
04-9U66,5,30,1905,200.670875362102,283.253187393602
04-9U66,6,40,1904,189.626635138178,248.014495639306
04-9U66,7,22,1907,198.027208921554,263.517620894139
04-9U66,8,19,1906,190.881058879935,270.415164833226
04-9U66,9,25,1905,196.680474613904,272.849908348066
04-9U66,10,1,1906,189.662937266601,244.232962547454
04-9U66,11,3,1904,203.01283518415,305.4552918868
04-9U66,12,4,1907,207.340137937509,277.108228309582
04-9U66,13,18,1907,198.281735698427,273.131415615828
04-9U66,14,14,1906,200.577302218218,277.561847237501
04-9U66,15,11,1905,188.706258058082,273.988953590586
04-9U66,16,28,1906,206.221484700518,282.792191566201
04-9U66,17,5,1907,192.902447563709,264.212720595955
04-9U66,18,31,1906,181.771892909735,249.271849803812
04-9U66,19,9,1905,193.576159645524,302.641318222101
04-9U66,20,10,1906,201.554982947316,271.582449155543
04-9U66,21,32,1906,205.810179053451,296.638574889345
04-9U66,22,15,1906,193.20910417741,259.802458428893
04-9U66,23,27,1906,188.441667334326,271.802236015618
04-9U66,24,29,1905,194.595372184479,258.090616334677
04-9U66,25,34,1907,188.329108173148,258.338629836199
04-9U66,26,33,1904,207.733739208206,284.521676250213
04-9U66,27,6,1906,207.191553204628,268.694878998561
04-9U66,28,8,1905,197.402721573546,268.894163188711
04-9U66,29,20,1905,203.010874004067,303.566643777606
04-9U66,30,37,1904,207.77676028872,302.156399060245
04-9U66,31,26,1904,192.243544716339,252.331213604095
04-9U66,32,39,1905,200.796220053058,265.861598154428
04-9U66,33,36,1905,203.864871030701,288.68080387397
04-9U66,34,21,1905,208.257573626462,285.885107469184
04-9U66,35,24,1904,197.857659269451,287.544525730351
04-9U66,36,13,1905,197.53244557514,277.265744848903
04-9U66,37,38,1907,209.591844276647,268.962110523157
04-9U66,38,7,1904,186.330319412112,263.118329432518
05-9U8B,1,27,1905,190.849148139528,309.074053328784
05-9U8B,2,5,1904,191.69005426509,296.40993332958
05-9U8B,3,22,1906,217.881580149026,312.914825898179
05-9U8B,4,11,1907,208.451281438777,313.866269905877
05-9U8B,5,6,1906,213.997583504394,318.717355179486
05-9U8B,6,7,1907,193.126886385285,309.859317687152
05-9U8B,7,19,1905,204.460435228507,300.267096902661
05-9U8B,8,24,1906,213.44532003453,327.780144421314
05-9U8B,9,26,1906,234.680893452072,340.062325573741
05-9U8B,10,2,1907,190.523454790375,341.285464702787
05-9U8B,11,28,1905,208.990474644448,341.071398195597
05-9U8B,12,15,1905,196.406193885294,355.506922795699
05-9U8B,13,9,1905,206.327598918785,347.862738278886
05-9U8B,14,4,1907,234.414175233059,346.446640530195
05-9U8B,15,20,1905,225.768461027065,340.642193167374
05-9U8B,16,21,1905,215.666147968163,298.335876148243
05-9U8B,17,12,1907,229.078982360524,363.098826473784
05-9U8B,18,14,1906,232.42440049397,344.411088100108
05-9U8B,19,13,1907,196.85810394852,366.687560162539
05-9U8B,20,40,1906,204.988463697667,357.412252683508
05-9U8B,21,8,1905,215.762732038145,324.940871906851
05-9U8B,22,29,1906,220.725027515405,375.548937086756
05-9U8B,23,23,1907,210.123234419994,327.725781680345
05-9U8B,24,30,1908,214.984471913254,346.605493083453
05-9U8B,25,34,1905,208.773001289751,327.518147652054
05-9U8B,26,37,1907,204.748393120463,318.214179921539
05-9U8B,27,25,1905,195.336403601174,328.119143653268
05-9U8B,28,33,1904,198.959404666615,319.459851690891
05-9U8B,29,38,1905,212.164132984172,383.849491194879
05-9U8B,30,1,1906,221.769158302023,349.190453194185
05-9U8B,31,39,1907,209.681181531984,322.029730153818
05-9U8B,32,31,1906,201.765255343963,317.400266530672
05-9U8B,33,17,1904,223.566210845983,397.002048827927
05-9U8B,34,36,1906,219.298107905886,359.731504457162
05-9U8B,35,10,1904,231.897718584729,357.830569653538
05-9U8B,36,32,1905,228.751728635836,397.471221832096
05-9U8B,37,18,1906,234.890141700188,385.705729539201
05-9U8B,38,3,1906,234.259191953151,353.22359212915
06-9UA7,1,6,1906,285.183048801966,369.588875992202
06-9UA7,2,27,1905,269.976949103173,367.7429246645
06-9UA7,3,9,1905,247.65480149341,371.104892647566
06-9UA7,4,30,1905,248.406441067907,356.031741095834
06-9UA7,5,20,1905,249.759845829045,340.391601514872
06-9UA7,6,34,1904,253.145993941231,327.696599237412
06-9UA7,7,7,1907,230.946762886057,333.669135998889
06-9UA7,8,24,1904,239.616835031663,308.157506829443
06-9UA7,9,5,1904,239.228692133733,323.133532505453
06-9UA7,10,15,1904,264.028119021955,344.405303168863
06-9UA7,11,13,1904,265.614608118669,353.506795707061
06-9UA7,12,37,1904,254.984939521985,330.380931916594
06-9UA7,13,33,1905,248.531302453247,343.877142744839
06-9UA7,14,36,1904,234.158811069643,322.657534249452
06-9UA7,15,38,1903,262.60421743136,344.742980450566
06-9UA7,16,40,1904,241.923555407919,313.577037162765
06-9UA7,17,39,1904,235.094838174523,378.861622395192
06-9UA7,18,19,1905,223.981792993662,286.914886911622
06-9UA7,19,18,1907,232.441544559841,307.050109397691
06-9UA7,20,8,1905,279.228937190822,348.321452642229
06-9UA7,21,10,1904,247.414828099103,393.433299881264
06-9UA7,22,32,1905,231.84665440464,313.543996127122
06-9UA7,23,23,1905,228.285155039648,317.237197380495
06-9UA7,24,21,1904,228.768523116108,335.318886631284
06-9UA7,25,14,1904,237.400057600812,348.433872174049
06-9UA7,26,12,1905,237.078047217532,314.240389044525
06-9UA7,27,29,1904,225.716512967783,327.430710857894
06-9UA7,28,22,1905,208.303762926081,280.236456385766
06-9UA7,29,25,1905,230.814362104514,303.823064015831
06-9UA7,30,1,1906,230.517354993581,329.871733652739
06-9UA7,31,2,1905,205.533973535712,301.483452507809
06-9UA7,32,3,1906,224.218662932285,309.180674818909
06-9UA7,33,28,1905,234.43724387355,313.617698274106
06-9UA7,34,17,1905,223.297591507416,291.694899122456
06-9UA7,35,11,1904,232.378841528521,302.636615830451
06-9UA7,36,26,1905,227.724904788979,300.237520736495
06-9UA7,37,31,1905,234.515174807815,342.630360342844
06-9UA7,38,4,1904,262.921595287016,367.013577345522
07-9UAD,1,22,1907,243.44435538197,390.291880301691
07-9UAD,2,15,1905,240.819706470322,369.98250243271
07-9UAD,3,23,1906,213.204090203286,287.860707334238
07-9UAD,4,5,1905,187.861530106865,306.54171046266
07-9UAD,5,26,1904,209.998170875183,293.075072175669
07-9UAD,6,1,1906,200.510939081108,283.608478531242
07-9UAD,7,29,1905,207.415625238017,274.84029495394
07-9UAD,8,31,1905,209.18268738672,299.794857267059
07-9UAD,9,37,1907,195.987227571275,244.529489516997
07-9UAD,10,4,1906,200.550985199719,276.143514616945
07-9UAD,11,25,1905,206.145150615767,283.024593527011
07-9UAD,12,7,1907,208.004580666804,271.920750755532
07-9UAD,13,27,1904,179.759777110222,268.100596535351
07-9UAD,14,12,1904,202.774489826415,393.139328722511
07-9UAD,15,30,1904,183.161275366236,277.702093165821
07-9UAD,16,8,1905,197.222407796553,268.014377784528
07-9UAD,17,9,1904,200.625479328359,294.558952124144
07-9UAD,18,28,1907,200.163023906652,278.560069649475
07-9UAD,19,24,1905,202.602756242113,266.748057107533
07-9UAD,20,13,1907,200.713138313997,292.570406783553
07-9UAD,21,10,1905,184.968786461922,247.846198039804
07-9UAD,22,6,1906,194.127198186749,261.294687990353
07-9UAD,23,36,1905,176.93936978656,275.063480307115
07-9UAD,24,38,1905,183.575874262563,263.163974864151
07-9UAD,25,40,1904,192.02534100887,256.338032398087
07-9UAD,26,32,1904,194.936310133633,272.176240204891
07-9UAD,27,33,1905,191.429004070813,284.703284487526
07-9UAD,28,11,1906,202.173400670173,256.739443378181
07-9UAD,29,39,1905,184.592635076747,264.595301266171
07-9UAD,30,17,1905,200.799338493216,296.827536654127
07-9UAD,31,19,1905,183.925632899605,257.187376832159
07-9UAD,32,2,1904,175.424653043181,258.561308345776
07-9UAD,33,20,1906,205.391842700093,293.208868706828
07-9UAD,34,14,1905,194.695099524492,280.386124929016
07-9UAD,35,34,1905,203.016201611747,293.172367147704
07-9UAD,36,18,1905,176.518702342206,297.796544903169
07-9UAD,37,21,1904,140.911338675079,275.174798233148
07-9UAD,38,3,1905,227.136959221591,300.533909072112
08-9UB2,1,30,1906,159.185298109786,274.02551763867
08-9UB2,2,21,1905,167.431550015806,294.550835289796
08-9UB2,3,10,1907,174.552836213551,283.758374610205
08-9UB2,4,28,1905,156.127063557616,293.233135845615
08-9UB2,5,12,1904,177.299490119676,347.339179669928
08-9UB2,6,7,1905,165.639733827153,275.613011147192
08-9UB2,7,39,1907,163.238998372504,291.922553610111
08-9UB2,8,15,1905,184.507193440615,360.539220608204
08-9UB2,9,6,1904,170.867875317427,288.533859640449
08-9UB2,10,22,1905,171.513687173898,318.744323661113
08-9UB2,11,23,1906,178.180878070007,283.710625152231
08-9UB2,12,3,1905,164.992372941388,283.425767093854
08-9UB2,13,26,1905,174.12542254317,295.253080319021
08-9UB2,14,36,1905,171.471862905594,300.075558525971
08-9UB2,15,31,1906,171.586154413237,283.425767093854
08-9UB2,16,37,1906,162.474495313247,270.755976156926
08-9UB2,17,14,1907,173.934069217359,287.626077645635
08-9UB2,18,25,1905,174.653578057923,307.609858185527
08-9UB2,19,38,1905,185.662703491747,337.657043076755
08-9UB2,20,34,1905,137.141183603119,254.422178203663
08-9UB2,21,27,1904,158.770050960144,306.95591507874
08-9UB2,22,4,1905,156.36897543562,275.639860023758
08-9UB2,23,33,1907,180.427508822215,294.672950690393
08-9UB2,24,40,1906,161.814492182581,273.068675060533
08-9UB2,25,11,1907,158.063156235908,290.563355089059
08-9UB2,26,8,1905,168.270921662315,281.500946022683
08-9UB2,27,20,1905,163.215981078308,290.9868059007
08-9UB2,28,2,1905,169.278726789762,278.275462421331
08-9UB2,29,18,1905,167.233558683164,281.07940646101
08-9UB2,30,19,1905,163.055816387202,278.368727871855
08-9UB2,31,32,1907,163.859590558548,289.146783043731
08-9UB2,32,24,1906,167.162052818202,265.634967404622
08-9UB2,33,1,1906,178.563383080868,290.216186133936
08-9UB2,34,5,1904,175.576454522316,295.492634733802
08-9UB2,35,29,1904,160.492369565415,272.466382786503
08-9UB2,36,13,1905,181.849234384046,300.188599912987
08-9UB2,37,17,1904,170.995934615471,269.780363817599
08-9UB2,38,9,1907,161.21784544654,262.459157314609
09-9UDP,1,26,1906,170.820740874922,277.704962956847
09-9UDP,2,3,1905,198.588686431594,305.653888586537
09-9UDP,3,20,1907,209.705342212694,279.345319996342
09-9UDP,4,25,1904,225.014163605928,305.062748894426
09-9UDP,5,7,1903,220.739252321098,286.052318298253
09-9UDP,6,4,1904,208.932449242402,277.93199244391
09-9UDP,7,10,1906,196.025836296351,271.184326783486
09-9UDP,8,21,1905,201.561055165874,261.884199685466
09-9UDP,9,36,1905,221.249787626342,286.952977962389
09-9UDP,10,9,1905,214.357472595987,269.989389062363
09-9UDP,11,15,1904,190.13987891694,258.714274890236
09-9UDP,12,29,1905,207.170397024925,288.026178337382
09-9UDP,13,24,1905,192.855521313876,272.344552190318
09-9UDP,14,13,1903,190.208576596506,253.84090215482
09-9UDP,15,2,1904,166.657603572079,231.340065675765
09-9UDP,16,30,1905,198.986442365987,280.30998063602
09-9UDP,17,11,1905,184.677420702991,275.419828657365
09-9UDP,18,27,1905,201.672298348312,297.982288916658
09-9UDP,19,17,1904,206.82980345812,269.100069117158
10-9UHM,1,19,1906,225.498005237623,366.188119039981
10-9UHM,2,9,1904,264.327207582788,391.698282275427
10-9UHM,3,6,1906,249.861701600337,345.31037235627
10-9UHM,4,21,1904,249.345598324731,360.727059260254
10-9UHM,5,13,1904,243.360979787543,326.317021720501
10-9UHM,6,5,1906,247.798419019357,465.503131343392
10-9UHM,7,31,1905,233.134803986784,388.173896428576
10-9UHM,8,25,1905,223.613225718968,376.203790812961
10-9UHM,9,12,1905,231.956870729714,340.505970415561
10-9UHM,10,8,1905,241.745013054547,332.811947253776
10-9UHM,11,7,1906,237.832476249295,368.882931825693
10-9UHM,12,10,1904,223.04315351993,323.49535066253
10-9UHM,13,36,1903,264.329684975955,409.147577531184
10-9UHM,14,37,1905,237.785559450484,355.819506928111
10-9UHM,15,38,1905,241.433513478051,351.235097499888
10-9UHM,16,2,1906,245.497696562958,376.539861460821
10-9UHM,17,27,1903,258.375205450446,379.060655279299
10-9UHM,18,1,1904,239.673131053285,339.413381615958
10-9UHM,19,29,1904,224.667964727221,347.556756143658
10-9UHM,20,4,1907,256.082968731816,445.619778397115
10-9UHM,21,18,1906,232.199822441094,421.893101951174
10-9UHM,22,11,1904,246.406866830341,375.376552969797
10-9UHM,23,14,1904,250.375152747726,325.419127990498
10-9UHM,24,40,1905,232.126143479018,323.696244616089
10-9UHM,25,23,1904,248.144141986538,323.446427645866
10-9UHM,26,28,1907,259.811003542546,338.731938022237
10-9UHM,27,22,1905,252.951743794863,318.782182844772
10-9UHM,28,17,1906,242.056338976405,397.241290255849
10-9UHM,29,32,1905,258.005906482903,395.171791801264
10-9UHM,30,26,1904,249.035722267566,373.883186550517
10-9UHM,31,20,1905,275.261049002133,369.037062770503
10-9UHM,32,15,1905,266.006086826233,422.678863954646
10-9UHM,33,34,1907,258.525199444611,438.372197126328
10-9UHM,34,24,1906,244.182836945044,349.595812032094
10-9UHM,35,33,1905,274.376989981753,506.727375123421
10-9UHM,36,30,1905,276.175464947915,391.870313908011
10-9UHM,37,39,1905,279.324329835013,400.235458209756
10-9UHM,38,3,1906,266.717858680488,432.713051922001
11-9UIZ,1,14,1905,216.435246633101,362.558174847375
11-9UIZ,2,6,1903,226.032296603791,357.366061375483
11-9UIZ,3,12,1904,217.182089980797,348.144579882948
11-9UIZ,4,19,1906,253.103600144501,360.923948051919
11-9UIZ,5,13,1905,256.264960836163,361.259421205318
11-9UIZ,6,38,1905,238.006180859068,426.549799486195
11-9UIZ,7,1,1906,271.663944710255,399.811248832482
11-9UIZ,8,11,1905,246.516233200189,363.448424793582
11-9UIZ,9,5,1907,165.286754345755,329.81391853705
11-9UIZ,10,8,1905,239.704481267267,346.373021271458
11-9UIZ,11,21,1907,258.883862962423,384.105669003124
11-9UIZ,12,33,1903,244.799847068684,368.993715128606
11-9UIZ,13,4,1904,251.418484877926,360.500377889353
11-9UIZ,14,29,1905,272.163481886435,429.441436852399
11-9UIZ,15,22,1905,276.481176702637,377.55547575043
11-9UIZ,16,9,1904,270.149155645789,394.644499726457
11-9UIZ,17,26,1904,281.115650831608,426.776878951314
11-9UIZ,18,32,1905,257.605806023817,349.276680204313
11-9UIZ,19,28,1905,265.156651924695,386.797507432355
11-9UIZ,20,30,1905,256.40975109022,380.001679286092
11-9UIZ,21,2,1905,263.024417717451,387.710797858194
11-9UIZ,22,40,1905,282.413702159564,440.185774586392
11-9UIZ,23,3,1906,245.806733881885,394.224093200272
11-9UIZ,24,39,1906,314.661517947241,489.076903868721
11-9UIZ,25,24,1904,290.035477821617,422.326402235981
11-9UIZ,26,37,1904,286.465247692083,416.66149499123
11-9UIZ,27,31,1906,282.809501268195,424.92000645863
11-9UIZ,28,20,1907,263.25524198424,446.378695646382
11-9UIZ,29,23,1905,291.398701931272,411.443059283533
11-9UIZ,30,15,1906,280.407339918969,449.019987550648
11-9UIZ,31,25,1904,280.347242882591,464.784261215321
11-9UIZ,32,7,1905,268.046447603399,452.740920418141
11-9UIZ,33,34,1904,296.206105143143,455.308427901384
11-9UIZ,34,17,1904,255.625410983102,374.039366170654
11-9UIZ,35,10,1906,280.305097991355,466.331379491902
11-9UIZ,36,36,1904,286.225497392346,435.395017192716
11-9UIZ,37,27,1904,293.310087677185,463.480140635474
11-9UIZ,38,18,1905,267.515208039964,411.371108552134
12-9UN3,1,8,1907,207.030489720721,311.098553456525
12-9UN3,2,36,1907,197.436169692264,285.244421980354
12-9UN3,3,19,1905,218.404402449418,299.511232111074
12-9UN3,4,29,1905,201.129618955901,292.423859761712
12-9UN3,5,14,1906,209.101030572842,327.453658757256
12-9UN3,6,7,1907,203.376472133893,274.021362878916
12-9UN3,7,34,1906,206.404964683943,326.346676390426
12-9UN3,8,6,1906,206.096873717479,325.149276366047
12-9UN3,9,24,1906,233.997091132829,351.268158459608
12-9UN3,10,18,1905,200.276464797404,303.022533175037
12-9UN3,11,37,1906,195.761703629938,301.79483907718
12-9UN3,12,13,1907,202.562292676649,271.971616679734
12-9UN3,13,5,1906,199.890812744714,274.511397819127
12-9UN3,14,30,1907,196.230186137976,290.559828637409
12-9UN3,15,3,1904,208.192918160546,275.51550707707
12-9UN3,16,32,1907,182.596477565959,279.296204621965
12-9UN3,17,33,1904,207.084785028463,288.205775791444
12-9UN3,18,40,1904,188.3566007565,296.57658456452
12-9UN3,19,26,1905,183.321423961435,310.874137990511
12-9UN3,20,21,1904,197.658901658354,287.370655844368
12-9UN3,21,27,1904,179.831647301043,305.890694540798
12-9UN3,22,22,1905,193.65642430792,295.477608068271
12-9UN3,23,1,1905,184.047226409078,356.721627451996
12-9UN3,24,12,1907,179.320489888058,316.374172621599
12-9UN3,25,25,1905,182.902674455457,524.633893228259
12-9UN3,26,10,1904,196.957836702759,284.026665421242
12-9UN3,27,2,1907,202.0868022672,285.178158383625
12-9UN3,28,23,1905,166.836188723559,286.693779593479
12-9UN3,29,39,1904,189.025445624057,342.312716942166
12-9UN3,30,38,1905,182.498560735352,280.701852319553
12-9UN3,31,9,1904,171.08966033767,286.640164170067
12-9UN3,32,11,1904,171.001299644212,294.54097883309
12-9UN3,33,17,1904,188.544195238391,309.863543049418
12-9UN3,34,20,1906,179.343820327125,317.898641830856
12-9UN3,35,28,1905,179.339535805856,261.305362803035
12-9UN3,36,15,1905,174.732435644374,321.899778251235
12-9UN3,37,31,1907,170.623883353207,247.427599003216
12-9UN3,38,4,1905,172.696147021594,278.152083115815
13-9UOF,1,12,1906,150.524808588473,239.062424730641
13-9UOF,2,15,1907,162.907025911073,288.046336764698
13-9UOF,3,19,1906,163.773931174168,322.602308282306
13-9UOF,4,10,1905,163.37389816025,267.629452912978
13-9UOF,5,32,1905,157.297803634663,226.84279140256
13-9UOF,6,18,1906,156.833158844696,266.262334391543
13-9UOF,7,23,1905,50.3610953794593,407.899757356643
13-9UOF,8,13,1906,160.733201185641,353.417251876974
13-9UOF,9,6,1904,146.444477951277,263.789018285345
13-9UOF,10,37,1905,139.197859967029,287.056512455259
13-9UOF,11,40,1905,161.412635740208,273.26810260021
13-9UOF,12,39,1907,172.656917114624,304.699780209196
13-9UOF,13,29,1905,155.05141249321,244.88377862
13-9UOF,14,2,1905,165.583362680937,245.032970906848
13-9UOF,15,30,1906,176.666178193227,297.496664034193
13-9UOF,16,36,1904,160.905229663085,237.495952480109
13-9UOF,17,7,1904,154.683834712326,235.44954293284
13-9UOF,18,20,1905,161.79764274314,299.116026879675
13-9UOF,19,31,1907,180.27221544925,259.679728354508
13-9UOF,20,5,1904,170.297948987091,291.963695841091
13-9UOF,21,11,1905,157.306850716019,268.704624275863
13-9UOF,22,33,1906,163.304544869834,271.290312067814
13-9UOF,23,1,1905,160.213696349072,252.225612271737
13-9UOF,24,24,1906,160.696003100867,283.780440972591
13-9UOF,25,26,1905,166.76759273439,297.509101325692
13-9UOF,26,34,1905,155.965093869775,298.395974832631
13-9UOF,27,3,1905,50.7203916351238,331.37430645042
13-9UOF,28,4,1904,156.478689754205,254.859219603893
13-9UOF,29,38,1904,156.944196606588,237.709898056111
13-9UOF,30,17,1907,164.065123382261,292.639081516128
13-9UOF,31,22,1905,156.941296269241,304.434562242861
13-9UOF,32,14,1907,174.926820726317,275.504143129188
13-9UOF,33,25,1905,170.232421082353,283.064615807411
13-9UOF,34,28,1905,145.853889461649,293.378890558091
13-9UOF,35,8,1904,34.6670164503372,65.8395374691818
13-9UOF,36,21,1906,191.222367906127,311.811909846413
13-9UOF,37,27,1906,162.468061672361,296.344629651638
13-9UOF,38,9,1904,184.548839581548,262.471736701972
14-9UP0,1,6,1907,202.292891533193,283.671898051497
14-9UP0,2,31,1905,230.359874145438,327.561770404634
14-9UP0,3,23,1906,223.360292356805,338.226896945647
14-9UP0,4,14,1905,240.429125558246,358.03207220356
14-9UP0,5,34,1905,253.221876476655,340.662580106658
14-9UP0,6,37,1904,259.351346152265,321.982882792812
14-9UP0,7,36,1904,248.100895799958,343.883267633264
14-9UP0,8,1,1905,223.163968622194,313.706807540738
14-9UP0,9,24,1906,233.969964254435,325.816323128222
14-9UP0,10,22,1905,221.042315629544,285.966535431191
14-9UP0,11,8,1905,232.600920223882,306.587018139167
14-9UP0,12,17,1904,229.512443702689,304.726307990795
14-9UP0,13,25,1904,228.44132488333,325.226474691424
14-9UP0,14,27,1903,230.483150890048,325.803219221488
14-9UP0,15,28,1906,237.328455517971,327.360988054935
14-9UP0,16,30,1905,230.891296939539,302.611785991063
14-9UP0,17,32,1906,249.088976172911,364.28290409744
14-9UP0,18,39,1907,230.247409964301,306.509768239972
14-9UP0,19,11,1905,236.847668708733,322.143903098898
14-9UP0,20,40,1907,226.486923110557,307.894712675194
14-9UP0,21,4,1905,244.439847269912,337.123544929296
14-9UP0,22,29,1904,255.654475802125,350.770294022063
14-9UP0,23,9,1904,241.381990151632,315.881321424216
15-9UR2,1,39,1904,249.403695980466,331.698992492763
15-9UR2,2,12,1906,226.811420680801,339.118576453255
15-9UR2,3,18,1903,219.948712288932,323.907031593547
15-9UR2,4,21,1905,232.458197205391,319.327784379442
15-9UR2,5,31,1906,241.392601897296,341.970309470045
15-9UR2,6,1,1905,230.541924997083,316.419151824017
15-9UR2,7,4,1906,206.723130610113,300.159774610106
15-9UR2,8,23,1905,222.168715694726,330.544405446881
15-9UR2,9,19,1906,230.62338002869,347.398994012305
15-9UR2,10,3,1903,237.541249310389,342.912020339681
15-9UR2,11,40,1904,224.864746872984,371.190936425639
15-9UR2,12,25,1906,240.646102344456,341.471224982885
15-9UR2,13,5,1907,235.574747475513,326.049484549831
15-9UR2,14,2,1905,226.290793489961,317.698202942995
15-9UR2,15,6,1904,222.495033347386,323.283062674177
15-9UR2,16,26,1904,226.450820152572,322.207157989518
15-9UR2,17,14,1906,223.56485210789,294.163286045452
15-9UR2,18,34,1905,227.928541737065,314.649162972614
15-9UR2,19,17,1905,228.491531442067,340.697335354119
15-9UR2,20,7,1906,216.391448096155,298.839186535649
15-9UR2,21,37,1904,243.25227277394,350.054694627324
15-9UR2,22,13,1906,234.242667632191,316.978698301673
15-9UR2,23,32,1906,240.474935097465,335.172687949402
15-9UR2,24,8,1906,247.065305329578,355.026387100272
15-9UR2,25,24,1907,235.002566005001,315.850684181892
15-9UR2,26,29,1906,236.947871087845,358.790467016383
15-9UR2,27,11,1905,241.05526260611,334.208659466441
15-9UR2,28,36,1905,248.609165865193,337.345516497536
15-9UR2,29,30,1904,245.92622357104,348.607658900819
15-9UR2,30,20,1905,236.065256158931,335.591586504376
15-9UR2,31,27,1904,250.065980850309,353.624166842261
15-9UR2,32,28,1905,236.199292658091,339.082484230779
15-9UR2,33,10,1905,242.02483172676,363.230024044419
15-9UR2,34,33,1905,246.613430589121,335.839827240724
15-9UR2,35,22,1905,237.855213688095,339.911635773352
15-9UR2,36,15,1906,245.210743840337,380.589796925291
15-9UR2,37,38,1904,257.565896829112,332.240858586122
15-9UR2,38,9,1907,251.172143078526,361.183462570413
16-9USC,1,1,1904,252.268267006649,362.098788029142
16-9USC,2,25,1905,230.474753365519,337.812277356998
16-9USC,3,36,1904,254.364919941356,384.598271680442
16-9USC,4,12,1905,268.728350429793,365.939776229259
16-9USC,5,23,1904,242.262701700861,381.686066905163
16-9USC,6,2,1905,255.119076901014,401.323311500932
16-9USC,7,21,1905,227.995964175984,313.624777125209
16-9USC,8,14,1906,206.931893110279,288.775242619761
16-9USC,9,5,1904,214.687175790857,296.154975341085
16-9USC,10,31,1905,238.646069934866,365.06199521019
16-9USC,11,30,1904,229.041953334405,334.63063607412
16-9USC,12,19,1904,228.945372663136,348.078679164581
16-9USC,13,26,1905,226.929100084166,314.259771643713
16-9USC,14,37,1904,216.942656996654,305.007883204886
16-9USC,15,4,1906,225.014439025004,342.97210885137
16-9USC,16,15,1905,223.336847154819,303.246939882955
16-9USC,17,17,1905,229.506492562121,332.472253992657
16-9USC,18,22,1905,225.642356211043,320.344240026674
16-9USC,19,39,1904,218.991228559733,357.722217121413
16-9USC,20,24,1907,219.282300439826,285.103693260617
16-9USC,21,6,1905,214.122321745248,294.283627907098
16-9USC,22,32,1904,227.045460036789,388.485838867725
16-9USC,23,27,1905,206.795265396772,311.756953771806
16-9USC,24,33,1904,212.664145484682,308.979002135303
16-9USC,25,29,1905,223.00525127024,323.327784997902
16-9USC,26,11,1905,212.325056031067,405.571449752624
16-9USC,27,28,1904,227.075924184301,385.627648213638
16-9USC,28,20,1904,221.012182261392,354.852054267371
16-9USC,29,7,1905,208.104447058096,298.260115478354
16-9USC,30,40,1905,210.258376458637,357.601097108852
16-9USC,31,13,1904,231.565084634396,435.865309135874
16-9USC,32,38,1906,217.968306107063,303.444543142182
16-9USC,33,8,1904,244.252963878757,362.405843630075
16-9USC,34,3,1905,252.026474101745,384.815787499779
16-9USC,35,34,1904,222.254533793226,330.227203353722
16-9USC,36,9,1905,238.158247445705,390.368882868319
16-9USC,37,10,1905,235.136966182649,343.47282435627
16-9USC,38,18,1905,234.350785489293,382.803883132535
17-9UTL,1,30,1904,185.033688518128,299.572045108771
17-9UTL,2,7,1906,60.6013198178309,346.893935605569
17-9UTL,3,10,1904,215.299870243914,293.479188283955
17-9UTL,4,21,1907,233.204138630286,319.482124870673
17-9UTL,5,31,1906,234.906259115802,316.029059348543
17-9UTL,6,32,1907,187.289169734013,289.011696886895
17-9UTL,7,13,1906,213.378235365324,288.981756714351
17-9UTL,8,14,1906,214.91636917707,329.470443136023
17-9UTL,9,23,1906,227.476045601917,301.601439790332
17-9UTL,10,34,1907,237.105898472787,309.293333224335
17-9UTL,11,19,1905,204.931529390411,325.251678339547
17-9UTL,12,3,1906,242.208564640236,313.181950543488
17-9UTL,13,25,1907,214.828062027964,275.106316141558
17-9UTL,14,26,1906,238.321081419555,304.577199338886
17-9UTL,15,28,1905,231.308320898165,321.582014978774
17-9UTL,16,39,1907,222.47469332489,315.864200978645
17-9UTL,17,2,1905,237.783404870429,333.078496196072
17-9UTL,18,37,1906,234.961988134709,329.290014026027
17-9UTL,19,36,1906,231.445338975581,288.507026842991
17-9UTL,20,33,1906,257.090744870454,337.045355884654
17-9UTL,21,6,1904,240.922259072854,313.169408604115
17-9UTL,22,9,1905,250.818792986948,365.112513887742
17-9UTL,23,17,1905,239.809661937898,320.953526003472
17-9UTL,24,27,1907,235.035749409155,325.013916241575
17-9UTL,25,18,1907,227.736653217015,295.22435157793
17-9UTL,26,11,1905,225.634787680862,319.283393222714
17-9UTL,27,1,1906,231.82516776426,364.863438971498
17-9UTL,28,40,1905,233.083277922325,295.548111188155
17-9UTL,29,12,1906,230.374575806813,319.230971620724
17-9UTL,30,20,1906,247.318288327358,313.382553309173
17-9UTL,31,38,1907,237.547240307782,310.851431156404
17-9UTL,32,8,1904,245.189733993428,355.943951953145
17-9UTL,33,4,1907,250.502215155479,352.494724827597
17-9UTL,34,15,1907,231.174157253021,301.407160951688
17-9UTL,35,29,1906,193.146189213059,349.148065383971
17-9UTL,36,22,1905,242.202110209797,318.431098579437
17-9UTL,37,24,1904,227.891825429276,339.08214847114
17-9UTL,38,5,1907,257.010024759263,352.004902250086
18-9UVM,1,2,1905,179.371909224895,317.410130513076
18-9UVM,2,23,1905,189.516886584565,282.026833063874
18-9UVM,3,1,1905,192.849617832457,284.595493576125
18-9UVM,4,22,1905,177.176640660329,261.882895478036
18-9UVM,5,25,1904,187.493306770372,271.157246672247
18-9UVM,6,18,1906,191.963667688403,317.78867582412
18-9UVM,7,20,1906,171.284356954835,273.689193729938
18-9UVM,8,27,1905,185.59063737478,252.72367218113
18-9UVM,9,30,1905,207.47380033627,292.493152763471
18-9UVM,10,17,1906,204.827475824144,308.341994093084
18-9UVM,11,24,1906,188.377766309833,333.827929948335
18-9UVM,12,15,1906,206.423993456329,281.663888060745
18-9UVM,13,36,1906,196.541928299018,294.043282120619
18-9UVM,14,21,1905,220.935672389586,419.772781724649
18-9UVM,15,38,1905,206.40538708962,308.867334896264
18-9UVM,16,14,1905,206.807927550427,305.901487926598
18-9UVM,17,12,1906,207.172183041764,336.182890890087
18-9UVM,18,34,1907,201.578846904668,312.82458117842
18-9UVM,19,5,1906,186.521658483199,308.768901579408
18-9UVM,20,31,1906,201.013543456818,504.408679975429
18-9UVM,21,13,1905,225.29596201947,365.844873179178
18-9UVM,22,26,1906,184.776801554831,287.686434924257
18-9UVM,23,10,1907,220.35906206761,427.376684097239
18-9UVM,24,29,1907,228.297622675493,374.286289154068
18-9UVM,25,4,1906,216.813783699398,365.879881267903
18-9UVM,26,37,1904,212.852159041055,457.683963005106
18-9UVM,27,39,1904,207.590100858556,331.867991864972
18-9UVM,28,33,1905,218.525045776381,311.457537746641
18-9UVM,29,11,1904,200.317816244247,297.547175339791
18-9UVM,30,32,1907,212.290736016937,380.792411275714
18-9UVM,31,28,1906,234.643392585803,637.261348912206
18-9UVM,32,6,1906,240.168661834901,467.327018289672
18-9UVM,33,8,1905,222.64069242015,405.736476839388
18-9UVM,34,19,1906,225.028350839995,372.71937539345
18-9UVM,35,9,1905,218.111245546422,418.142167872709
18-9UVM,36,40,1905,223.603551873644,345.747612531396
18-9UVM,37,7,1905,238.055924017008,451.487247900323
18-9UVM,38,3,1906,209.90326254324,386.682255972062
19-9UY7,1,22,1905,219.398569175195,386.028809341044
19-9UY7,2,28,1907,249.766455399991,357.213428321872
19-9UY7,3,24,1906,243.862087484753,380.012914283132
19-9UY7,4,23,1905,257.789152073468,425.384750291645
19-9UY7,5,19,1905,279.549636934918,488.985061248948
19-9UY7,6,32,1907,242.635590089893,405.356364715387
19-9UY7,7,33,1905,312.921738734815,566.145319607755
19-9UY7,8,27,1906,293.724741379715,520.423192738142
19-9UY7,9,29,1907,293.636258970625,406.641108836495
19-9UY7,10,8,1907,268.613513323702,473.858863749031
19-9UY7,11,26,1906,287.99840878153,536.416237512194
19-9UY7,12,39,1906,280.527393268342,465.031107979029
19-9UY7,13,9,1904,280.38033816396,416.55846935408
19-9UY7,14,21,1905,264.332269239609,493.73199857957
19-9UY7,15,4,1906,258.408166824708,529.990964140891
19-9UY7,16,14,1904,287.291310037749,548.457943720744
19-9UY7,17,10,1904,262.297081371433,520.051050531394
19-9UY7,18,13,1905,301.571428203633,560.671947092589
19-9UY7,19,34,1906,292.581690271232,543.962593747433
19-9UY7,20,38,1905,270.028181186693,520.494286367523
19-9UY7,21,40,1906,304.675582347253,470.921690993658
19-9UY7,22,11,1906,302.138214397471,542.239646770856
19-9UY7,23,36,1906,293.259823755274,569.590788750718
19-9UY7,24,1,1904,290.891715287004,542.218020170875
19-9UY7,25,37,1904,290.587447930745,660.538523548515
19-9UY7,26,15,1906,287.842018718643,589.23587479592
19-9UY7,27,25,1905,284.453643329017,545.246794043292
19-9UY7,28,17,1904,286.676206215226,502.911579968714
19-9UY7,29,6,1906,286.569257086443,593.587179910497
19-9UY7,30,31,1905,292.601341590083,488.971789786323
19-9UY7,31,5,1905,292.554257125983,454.374781819366
19-9UY7,32,3,1906,295.958272809734,641.725318533063
19-9UY7,33,20,1905,279.041726129625,564.003203177158
19-9UY7,34,12,1905,303.53851434535,510.363649784087
19-9UY7,35,18,1906,292.36768172383,446.970408642246
19-9UY7,36,2,1905,310.768463862187,500.667541716534
19-9UY7,37,30,1907,313.841240220409,513.975085139002
19-9UY7,38,7,1907,332.251652627762,492.821824029823
20-9V52,1,25,1907,163.955098154791,312.300793371488
20-9V52,2,23,1907,186.649189849562,258.645176028782
20-9V52,3,19,1904,176.932774225411,295.378759797753
20-9V52,4,27,1905,173.264803886636,294.355577341824
20-9V52,5,36,1904,203.799938341514,273.250603815628
20-9V52,6,15,1906,190.617398247714,275.88922309961
20-9V52,7,4,1905,172.884919341044,236.628853969028
20-9V52,8,11,1905,172.541153417754,244.685644650841
20-9V52,9,9,1906,168.461264851011,223.057063720911
20-9V52,10,20,1905,170.131738046046,289.167650785988
20-9V52,11,30,1904,179.276200302419,270.371164677656
20-9V52,12,13,1904,169.815419746566,238.796060360205
20-9V52,13,3,1907,164.573335900625,220.340461613559
20-9V52,14,8,1904,180.647121039749,271.17425077894
20-9V52,15,31,1905,180.745254148363,233.424212786744
20-9V52,16,12,1905,185.521611668427,282.336088478547
20-9V52,17,28,1907,180.818306964133,265.204307647089
20-9V52,18,26,1905,171.300808339934,228.719873500097
20-9V52,19,33,1905,171.821412614558,239.038849881432
20-9V52,20,34,1907,179.499758863067,273.933059336891
20-9V52,21,39,1905,179.72003029824,243.900134936262
20-9V52,22,6,1907,169.665008245947,247.895803749291
20-9V52,23,32,1905,179.949206176157,346.016535336472
20-9V52,24,38,1904,175.584077375815,288.920684903861
20-9V52,25,21,1906,177.206357356105,259.706690109195
20-9V52,26,24,1905,159.692322981166,308.413063328071
20-9V52,27,22,1906,175.26330896665,248.782438930821
20-9V52,28,29,1905,171.574745567963,279.855324131831
20-9V52,29,5,1907,170.436948702748,260.014250583813
20-9V52,30,18,1906,168.833747654963,269.295882707894
20-9V52,31,2,1904,172.770132129104,224.994833199216
20-9V52,32,10,1905,166.123598993204,261.215375724993
20-9V52,33,17,1906,151.485339221269,223.901721282974
20-9V52,34,37,1904,158.068377492643,223.501696521666
20-9V52,35,7,1907,164.656675470763,228.186636768699
20-9V52,36,40,1905,160.377764262876,230.314647900937
20-9V52,37,14,1907,160.275507876272,224.063614500269
20-9V52,38,1,1907,168.098980359125,244.547181245885
21-9V5J,1,36,1905,219.969416169723,308.422107328664
21-9V5J,2,23,1905,199.351711166445,286.723561607713
21-9V5J,3,28,1904,194.928717271964,270.444634617951
21-9V5J,4,33,1907,205.942363557884,299.988282692608
21-9V5J,5,30,1903,167.006703296189,247.20617487901
21-9V5J,6,29,1904,208.276840181611,280.40541153398
21-9V5J,7,32,1904,203.947764896676,299.706360077703
21-9V5J,8,19,1906,203.256071383338,304.578320728932
21-9V5J,9,2,1903,202.650515329819,292.555619179719
21-9V5J,10,8,1903,200.965396351705,283.059990405932
21-9V5J,11,37,1906,208.121952921517,302.985335092155
21-9V5J,12,3,1906,188.705352926038,324.032313630993
21-9V5J,13,11,1906,198.049770083088,297.100503430182
21-9V5J,14,1,1906,228.50411235671,310.202853629109
21-9V5J,15,13,1906,190.619633007446,287.219275678267
21-9V5J,16,6,1906,195.025199126018,260.364959829308
21-9V5J,17,10,1905,198.663200968917,322.675705583821
21-9V5J,18,15,1905,182.753222264404,259.111784977527
21-9V5J,19,34,1904,150.458043964267,292.134832100282
21-9V5J,20,18,1905,250.455625841781,536.230068807139
21-9V5J,21,7,1905,213.178323397228,301.115980283977
21-9V5J,22,27,1904,211.36562256049,297.93051390501
21-9V5J,23,22,1906,214.833193356393,277.892869725049
21-9V5J,24,20,1904,213.897822020613,288.869650491155
21-9V5J,25,17,1905,183.385690460201,261.632584771602
21-9V5J,26,40,1906,197.396227083599,266.124829854808
21-9V5J,27,25,1905,190.877183707898,272.540123383458
21-9V5J,28,31,1905,160.408286517202,252.050866820605
21-9V5J,29,21,1904,186.870934184964,269.73478282905
21-9V5J,30,12,1907,182.164812336482,247.037787462142
21-9V5J,31,39,1905,202.332564944135,289.296564295782
21-9V5J,32,24,1905,219.346930626019,301.281539957461
21-9V5J,33,5,1904,201.058424857203,368.459086892667
21-9V5J,34,26,1904,202.192546429276,246.727663577097
21-9V5J,35,14,1906,218.864339785059,285.138432762068
21-9V5J,36,38,1903,186.177087017015,264.936938440464
21-9V5J,37,9,1904,205.817110027905,258.965867655524
21-9V5J,38,4,1904,206.49692710295,321.076060010612
22-9V5N,1,11,1907,257.173874921781,364.08720634239
22-9V5N,2,36,1906,236.232307914494,329.703264937873
22-9V5N,3,38,1906,248.222687152554,381.88899399172
22-9V5N,4,28,1904,250.02015678782,375.470259695714
22-9V5N,5,21,1904,259.647553290281,412.30300351071
22-9V5N,6,40,1905,260.843550809618,388.125059441613
22-9V5N,7,20,1905,260.168550879472,386.368710044266
22-9V5N,8,19,1905,256.012047909271,388.242668432724
22-9V5N,9,13,1905,254.350346690904,347.118678946842
22-9V5N,10,37,1905,255.096762784662,356.896482559166
22-9V5N,11,1,1905,234.69788320881,331.11687278306
22-9V5N,12,14,1907,245.815786938779,342.208932792396
22-9V5N,13,22,1905,248.260881161106,360.082316901678
22-9V5N,14,6,1907,257.55652333491,353.115115623154
22-9V5N,15,3,1907,263.267134657494,355.87661628196
22-9V5N,16,2,1906,258.347992791438,341.790649726683
22-9V5N,17,26,1904,224.559366908257,328.681113905082
22-9V5N,18,33,1904,242.674880827509,359.557869720234
22-9V5N,19,25,1906,237.396700633184,358.05003811481
22-9V5N,20,39,1907,277.883036971546,428.992632521298
22-9V5N,21,29,1906,261.904848545469,353.261945833083
22-9V5N,22,24,1906,295.57641344225,410.99371458191
22-9V5N,23,12,1907,291.961941077573,402.834220517764
22-9V5N,24,27,1904,254.807171310102,347.92066285024
22-9V5N,25,23,1904,275.419468810452,382.804329249051
22-9V5N,26,32,1907,287.230770688315,394.829953860028
22-9V5N,27,4,1904,289.155642126019,370.747313521229
22-9V5N,28,18,1905,283.412510913749,383.09999014922
22-9V5N,29,8,1905,290.541803882742,393.294664349646
22-9V5N,30,5,1906,287.297452302536,379.909689616354
22-9V5N,31,34,1905,245.526377937975,377.417945952169
22-9V5N,32,15,1907,256.573540859853,335.541712737218
22-9V5N,33,17,1904,266.086429427679,347.815933416276
22-9V5N,34,10,1906,254.753428935754,362.996751135609
22-9V5N,35,31,1905,255.832991029352,405.413937820695
22-9V5N,36,7,1907,275.57624459636,424.387423492438
22-9V5N,37,30,1905,300.677828615303,448.936053816838
22-9V5N,38,9,1905,283.732293969386,412.03368660769
23-9VIV,1,38,1906,215.347976055219,345.927850125006
23-9VIV,2,17,1906,232.979334605155,306.922717673166
23-9VIV,3,2,1906,226.513940427195,324.952784333663
23-9VIV,4,24,1905,229.912163300967,314.694750510249
23-9VIV,5,14,1906,222.277837575999,334.18362031884
23-9VIV,6,6,1905,237.246065471611,332.607317189707
23-9VIV,7,12,1905,237.672776858538,317.964889627245
23-9VIV,8,3,1904,239.548880677531,379.231514853965
23-9VIV,9,33,1904,236.794666753298,286.239120492638
23-9VIV,10,15,1905,218.960163254865,344.0032603353
23-9VIV,11,22,1905,226.98252476405,320.03400381185
23-9VIV,12,7,1907,233.071799001248,325.716370677765
23-9VIV,13,13,1906,234.753661573549,308.861437154147
23-9VIV,14,29,1906,225.937457064484,311.741250256763
23-9VIV,15,20,1905,224.741937920768,335.373715923102
23-9VIV,16,5,1905,228.678305831202,337.115946357733
23-9VIV,17,39,1906,225.59214658465,287.158621972903
23-9VIV,18,32,1907,208.83352413391,330.810716518896
23-9VIV,19,4,1906,240.004349925962,305.51753025611
23-9VIV,20,40,1906,234.544786436601,310.186704398987
23-9VIV,21,28,1907,236.549694206805,377.043103820982
23-9VIV,22,27,1905,241.093751900683,371.779517636715
23-9VIV,23,36,1905,210.091806182464,366.542846652958
23-9VIV,24,11,1905,229.084946172987,290.36521970232
23-9VIV,25,34,1907,237.696726681837,364.606075361712
23-9VIV,26,26,1907,224.184259409712,339.80611315243
23-9VIV,27,23,1905,225.429583761458,315.293830047839
23-9VIV,28,10,1906,235.519403997966,382.078553612459
23-9VIV,29,37,1904,209.600127883825,393.531530771632
23-9VIV,30,19,1904,238.319291389836,360.151395198608
23-9VIV,31,31,1906,231.442035607893,293.221099595806
23-9VIV,32,21,1905,82.3946892054233,383.486131246277
23-9VIV,33,30,1904,190.283081971617,291.40983673536
23-9VIV,34,25,1906,200.917094997669,309.430419227533
23-9VIV,35,8,1905,196.619106043268,339.17060964075
23-9VIV,36,1,1906,241.626539676929,332.874372011173
23-9VIV,37,18,1905,214.315509781893,270.477679057159
23-9VIV,38,9,1905,211.444655777819,286.802369747864
24-9VL3,1,25,1906,198.679243958,270.133355702135
24-9VL3,2,18,1906,201.490989396343,313.12905286925
24-9VL3,3,6,1905,194.073969397567,291.992355485787
24-9VL3,4,26,1905,206.759201536643,317.481859347546
24-9VL3,5,23,1905,185.815329953184,299.628856099225
24-9VL3,6,22,1906,185.449641932815,267.036636497448
24-9VL3,7,20,1905,199.378551152487,289.648766168526
24-9VL3,8,38,1906,190.481917194869,293.653706083057
24-9VL3,9,24,1905,194.491203451565,340.774853517444
24-9VL3,10,4,1907,209.811995996171,338.924976455969
24-9VL3,11,8,1906,210.584228709031,309.842415661873
24-9VL3,12,32,1906,242.746651790965,382.202044617778
24-9VL3,13,21,1906,206.51772016233,314.111926462793
24-9VL3,14,17,1904,212.245814495369,356.365270394784
24-9VL3,15,14,1906,201.574186683846,303.269089863768
24-9VL3,16,7,1906,212.317683036048,304.723879487104
24-9VL3,17,12,1907,205.691227732379,330.53217787554
24-9VL3,18,31,1906,212.96418835801,352.495370795005
24-9VL3,19,9,1905,208.207819844424,320.727841721732
24-9VL3,20,28,1905,217.309573777036,361.293455577766
24-9VL3,21,39,1906,209.0347221392,326.533613213762
24-9VL3,22,19,1907,222.88294656461,362.212589241736
24-9VL3,23,10,1905,222.987892683632,332.643598587484
24-9VL3,24,15,1907,210.136237833015,331.327062255054
24-9VL3,25,33,1905,208.376988871143,295.474910893567
24-9VL3,26,3,1905,208.717097492099,319.523816089524
24-9VL3,27,37,1905,210.723802617786,310.368885023819
24-9VL3,28,13,1907,229.546422327384,344.126685012626
24-9VL3,29,2,1904,228.182270999332,319.545906667212
24-9VL3,30,34,1907,230.056218400178,314.448463084545
24-9VL3,31,36,1905,221.489450923068,340.28221284657
24-9VL3,32,30,1905,218.970302207139,304.723132251306
24-9VL3,33,11,1904,223.096484569299,327.751140502647
24-9VL3,34,1,1908,219.504265938552,343.81969591369
24-9VL3,35,29,1907,218.034761765342,311.709110364412
24-9VL3,36,40,1904,214.506002139149,348.506076054931
24-9VL3,37,27,1905,212.011679952429,316.857813572517
24-9VL3,38,5,1905,217.457789107494,324.225325350484
25-9VNK,1,23,1906,163.401233627905,242.945548394403
25-9VNK,2,11,1905,145.755894158368,219.639734113187
25-9VNK,3,12,1904,151.919305522588,228.497261459151
25-9VNK,4,14,1907,146.375552706494,234.997721320469
25-9VNK,5,10,1904,162.218585759849,246.354768519069
25-9VNK,6,30,1905,138.548567557053,236.541271396492
25-9VNK,7,2,1907,147.339566201325,279.106795189945
25-9VNK,8,20,1907,159.775714536511,231.893300222941
25-9VNK,9,6,1908,173.42916210594,329.076447644703
25-9VNK,10,15,1906,166.893498354774,310.347058343317
25-9VNK,11,7,1905,175.631891461509,336.918999177306
25-9VNK,12,40,1905,172.832887526919,240.315214856677
25-9VNK,13,33,1906,169.649737296901,337.748068571295
25-9VNK,14,3,1907,158.526339642142,327.346033100872
25-9VNK,15,31,1906,174.197979674516,330.613456902218
25-9VNK,16,34,1907,183.009706782627,295.800705597048
25-9VNK,17,17,1907,168.682460757589,296.605374252344
25-9VNK,18,37,1906,203.97510999991,339.844306074644
25-9VNK,19,39,1905,193.820965747142,308.302114309289
25-9VNK,20,18,1906,174.347235059403,307.038429388405
25-9VNK,21,9,1906,184.793436715831,298.559420183167
25-9VNK,22,26,1906,151.066845549632,341.521066243344
25-9VNK,23,28,1905,185.298098971353,256.653400377951
25-9VNK,24,24,1907,185.825439326166,285.317653288754
25-9VNK,25,38,1907,170.514417922129,285.86081395256
25-9VNK,26,32,1906,168.546716384946,247.370995895015
25-9VNK,27,25,1904,190.90714666159,355.009871653441
25-9VNK,28,5,1904,191.605086940869,320.523311282711
25-9VNK,29,4,1907,167.586853488097,318.86467172047
25-9VNK,30,22,1905,172.707683533675,328.99651916446
25-9VNK,31,21,1905,191.071232036355,347.69758393662
25-9VNK,32,36,1906,179.042660181855,297.986682691696
25-9VNK,33,29,1907,177.166680391206,272.901852640141
25-9VNK,34,1,1906,195.302304051043,327.633535440276
25-9VNK,35,27,1907,188.808493011324,281.216481188719
25-9VNK,36,8,1907,186.924387821578,307.332519136938
25-9VNK,37,13,1906,183.932123952805,263.454535501139
25-9VNK,38,19,1907,177.874393703506,280.859582918381
26-9VTJ,1,22,1904,213.795063693665,317.515745584815
26-9VTJ,2,27,1906,225.606403428482,316.370034213752
26-9VTJ,3,17,1907,223.444127720511,322.306785761225
26-9VTJ,4,24,1905,220.557885498404,311.621256590562
26-9VTJ,5,28,1907,236.038005621426,344.937275752693
26-9VTJ,6,23,1904,214.227839397709,312.200707566067
26-9VTJ,7,40,1904,226.652620790257,316.865897942618
26-9VTJ,8,9,1905,233.516133541062,363.610651998361
26-9VTJ,9,12,1905,196.767284224755,309.039978258805
26-9VTJ,10,1,1907,202.802426755452,320.96682790558
26-9VTJ,11,38,1905,204.448184552862,326.274977246055
26-9VTJ,12,31,1904,208.128099263229,394.192757639837
26-9VTJ,13,30,1905,208.949068598981,335.714881999623
26-9VTJ,14,25,1904,209.50530184978,289.652107183088
26-9VTJ,15,20,1906,192.759713494042,352.045814202626
26-9VTJ,16,29,1905,197.43472807987,315.972674853159
26-9VTJ,17,39,1906,208.498244697373,311.590931243459
26-9VTJ,18,34,1906,226.551127306013,337.013940059421
26-9VTJ,19,10,1906,214.979311181897,298.627670747368
26-9VTJ,20,11,1907,216.392897549796,374.54232058824
26-9VTJ,21,7,1905,222.452943128955,325.243802409311
26-9VTJ,22,4,1905,221.834603883217,321.212547905819
26-9VTJ,23,21,1904,213.402244240295,313.127416716244
26-9VTJ,24,15,1905,217.022544760237,300.596219542973
26-9VTJ,25,32,1905,210.282470821789,307.914309849166
26-9VTJ,26,2,1904,217.65886144393,309.409078285071
26-9VTJ,27,19,1905,206.289521677779,329.641448478196
26-9VTJ,28,14,1907,209.228400387132,308.366731737097
26-9VTJ,29,6,1906,210.076225750548,309.643012392978
26-9VTJ,30,13,1904,217.875050700488,306.463148905927
26-9VTJ,31,37,1904,187.167399898732,334.876019408149
26-9VTJ,32,26,1904,208.557620630273,294.045218056385
26-9VTJ,33,36,1904,225.570444249173,350.696608477253
26-9VTJ,34,8,1906,208.908324594653,296.848631516687
26-9VTJ,35,33,1905,212.366071895869,297.310042227402
26-9VTJ,36,18,1906,209.238188807535,315.31513377042
26-9VTJ,37,5,1904,222.704475557487,299.576795604323
26-9VTJ,38,3,1904,228.582297363482,331.481826309114
27-9VUW,1,20,1907,229.672614242023,299.764474911217
27-9VUW,2,34,1905,206.289245730093,287.663282973623
27-9VUW,3,7,1906,218.192528836842,285.401836090945
27-9VUW,4,37,1906,274.962985935464,351.941988823958
27-9VUW,5,32,1906,238.438573930889,329.327870854337
27-9VUW,6,30,1904,245.49390916489,310.694085827008
27-9VUW,7,31,1905,225.140264737586,323.110630139519
27-9VUW,8,21,1904,244.850186188416,344.960214191999
27-9VUW,9,36,1907,242.576695478121,333.739928886302
27-9VUW,10,28,1905,259.498376178276,338.508016785944
27-9VUW,11,23,1908,226.9854088157,305.368807950668
27-9VUW,12,39,1904,260.839620476259,355.057812430696
27-9VUW,13,18,1907,241.615231102517,303.331776803785
27-9VUW,14,1,1905,256.510966871473,322.781537680963
27-9VUW,15,25,1907,261.871592074898,342.34364651526
27-9VUW,16,27,1904,264.894821591641,340.238045989192
27-9VUW,17,26,1905,262.29947682638,336.105160486355
27-9VUW,18,33,1907,274.089908361357,417.908625820942
27-9VUW,19,2,1905,253.364586269456,356.134374173511
27-9VUW,20,10,1905,251.814067322315,335.692329261867
27-9VUW,21,9,1904,265.916297397707,370.002195839907
27-9VUW,22,13,1907,272.035865792208,357.748950310811
27-9VUW,23,24,1905,263.540950022132,324.949280724051
27-9VUW,24,4,1904,256.594949722863,359.300983472814
27-9VUW,25,29,1905,269.232882644191,344.910869905126
27-9VUW,26,38,1905,246.341366122357,333.423376645125
27-9VUW,27,6,1904,252.85585678054,325.520920453596
27-9VUW,28,22,1904,254.769860307121,332.813144551027
27-9VUW,29,8,1906,264.708439045216,397.972884731974
27-9VUW,30,15,1904,276.053928485793,369.884943066614
27-9VUW,31,5,1905,223.440815789665,308.648674516457
27-9VUW,32,17,1905,239.387235209384,333.782909047745
27-9VUW,33,12,1905,275.895825679734,348.409038422472
27-9VUW,34,11,1905,267.42305326031,344.140745336918
27-9VUW,35,40,1907,265.275346001558,343.748163676171
27-9VUW,36,19,1905,265.285002315004,369.258195335123
27-9VUW,37,3,1906,279.144472156726,363.158553108859
27-9VUW,38,14,1907,283.884330422563,406.001277994033
28-9VXK,1,40,1906,181.767514023916,333.347051994843
28-9VXK,2,29,1904,145.171434427583,287.262676840097
28-9VXK,3,38,1904,127.673841883606,204.634927668069
28-9VXK,4,18,1907,119.113418451927,256.359794369207
28-9VXK,5,7,1905,140.796672663997,242.282477582409
28-9VXK,6,34,1904,139.929788824145,248.708063037026
28-9VXK,7,1,1905,156.205798896344,258.050691457621
28-9VXK,8,27,1903,138.602791431914,302.108731094545
28-9VXK,9,19,1904,130.755027927392,289.154460973071
28-9VXK,10,28,1907,137.519218956636,246.293065230024
28-9VXK,11,2,1906,144.812977181415,290.519663251554
28-9VXK,12,13,1905,127.90103022193,256.62323414752
28-9VXK,13,6,1905,131.599507399905,295.978278131702
28-9VXK,14,36,1905,124.954544175877,284.081776013954
28-9VXK,15,33,1904,116.835428277087,261.730258346959
28-9VXK,16,22,1907,120.777336875136,264.730159785434
28-9VXK,17,20,1903,127.64619556623,301.308368687807
28-9VXK,18,10,1903,135.751498592239,299.790300109976
28-9VXK,19,26,1904,135.410151607909,303.516196474594
28-9VXK,20,25,1907,148.562705329065,283.964327463429
28-9VXK,21,12,1904,139.891552316447,285.008437395064
28-9VXK,22,30,1904,134.528666814038,274.59288163382
28-9VXK,23,23,1904,122.650690292605,306.214702420716
28-9VXK,24,15,1905,136.52297575161,272.050722547102
28-9VXK,25,8,1905,119.537998537068,295.848235452355
28-9VXK,26,37,1904,131.682317096596,275.022293673796
28-9VXK,27,21,1902,135.627319222286,274.667502082367
28-9VXK,28,3,1904,133.002829412239,322.757199371513
28-9VXK,29,11,1904,145.00056183264,294.095741473034
28-9VXK,30,32,1905,152.261403482374,294.55064202911
28-9VXK,31,4,1904,147.08125594082,279.601558114854
28-9VXK,32,24,1905,157.607641350542,318.136353605222
28-9VXK,33,31,1908,153.333237883427,297.233637055042
28-9VXK,34,5,1905,100.428439598807,338.098119557107
28-9VXK,35,39,1905,134.501160242889,318.169275565621
28-9VXK,36,17,1905,94.4827536703712,297.995661074015
28-9VXK,37,9,1909,130.160723843495,295.607043513272
28-9VXK,38,14,1904,132.626083880857,311.845864572717
29-9VXR,1,39,1905,220.396258266327,385.007750326814
29-9VXR,2,4,1904,244.230282147602,461.339833473361
29-9VXR,3,8,1905,272.019334083044,497.302358151797
29-9VXR,4,18,1906,268.341903806935,448.670075488947
29-9VXR,5,19,1904,269.635575022209,418.148838586141
29-9VXR,6,36,1905,258.16559664892,398.126048506112
29-9VXR,7,12,1904,261.401852037697,417.633927765473
29-9VXR,8,26,1903,254.735225244685,371.3444159952
29-9VXR,9,20,1905,267.789994089339,503.599424211323
29-9VXR,10,38,1904,283.037314108603,471.293130045654
29-9VXR,11,23,1906,259.179770591762,398.105887455936
29-9VXR,12,29,1904,266.136701192175,365.108616090505
29-9VXR,13,11,1904,281.158885390652,474.270373561891
29-9VXR,14,28,1907,271.111057296688,385.427723387147
29-9VXR,15,33,1905,279.396464174199,420.519189558453
29-9VXR,16,14,1906,260.421580233732,384.737525563193
29-9VXR,17,31,1904,268.705047622715,485.357626784766
29-9VXR,18,3,1906,295.577771408125,443.020407070865
29-9VXR,19,15,1905,278.315963100784,426.063213001102
29-9VXR,20,10,1906,274.333624771184,516.216190621276
29-9VXR,21,2,1904,284.330128857909,471.958185423704
29-9VXR,22,9,1905,281.041329535575,456.503601532761
29-9VXR,23,30,1904,268.107390450224,440.087091925115
29-9VXR,24,37,1904,285.309273303675,422.637650814759
29-9VXR,25,40,1907,273.577479392418,507.12781658689
29-9VXR,26,32,1904,254.512639366329,427.496943615886
29-9VXR,27,7,1905,291.068957935849,462.726512592833
29-9VXR,28,34,1907,270.704881811824,555.985018305256
29-9VXR,29,17,1904,272.997891393955,508.128547859077
29-9VXR,30,25,1904,293.954310750268,576.902267220584
29-9VXR,31,22,1905,281.381813324374,418.378300792658
29-9VXR,32,6,1905,278.883783860887,566.611873629968
29-9VXR,33,13,1905,296.517268997466,547.536958155569
29-9VXR,34,27,1907,282.221745829139,404.576074674058
29-9VXR,35,24,1904,303.018118487421,457.986595078991
29-9VXR,36,21,1905,295.08143757093,585.739487411586
29-9VXR,37,5,1907,301.603327211691,518.704145530267
29-9VXR,38,1,1904,267.870228490194,434.68227384594
30-9VYD,1,32,1903,231.138941784633,345.66626910076
30-9VYD,2,3,1906,260.098087408087,375.81789230171
30-9VYD,3,6,1908,252.303120572119,387.1161469043
30-9VYD,4,37,1906,271.852600163575,376.432659991461
30-9VYD,5,30,1905,254.84537097508,333.965172120185
30-9VYD,6,22,1905,238.305439557258,368.320015167887
30-9VYD,7,14,1905,250.841260722563,378.112321203821
30-9VYD,8,12,1905,277.191618488472,460.691576469132
30-9VYD,9,19,1905,270.496619909007,374.005121836879
30-9VYD,10,36,1905,264.790146519046,408.720361702856
30-9VYD,11,33,1905,315.004823798697,504.530774386928
30-9VYD,12,38,1905,305.04278191152,441.898784135244
30-9VYD,13,2,1908,322.073651146899,429.637707571231
30-9VYD,14,4,1905,306.004006104049,431.246767659235
30-9VYD,15,40,1905,301.705985141313,418.186002041626
30-9VYD,16,1,1904,271.703973939771,387.270076700339
30-9VYD,17,24,1905,284.688288196541,389.065521177124
30-9VYD,18,13,1906,263.460801311166,383.902134268603
30-9VYD,19,15,1905,267.210316247531,378.827964238316
30-9VYD,20,8,1906,283.604755384404,417.703573183893
30-9VYD,21,28,1904,289.244316704054,400.839333551131
30-9VYD,22,39,1903,272.650383708331,369.692210780716
30-9VYD,23,10,1904,261.543362680171,411.893019412319
30-9VYD,24,7,1906,259.546083856821,395.862059793761
30-9VYD,25,23,1904,291.839851050046,459.750413585154
30-9VYD,26,31,1905,294.507348439373,582.921341003256
30-9VYD,27,5,1905,302.795892184057,512.468831270328
30-9VYD,28,34,1905,249.173176399811,372.415779114526
30-9VYD,29,26,1905,238.84516234522,351.409604783213
30-9VYD,30,20,1904,262.846887132479,366.938654723855
30-9VYD,31,9,1905,235.155848699872,349.227456806303
30-9VYD,32,21,1904,265.492833491115,361.724752568756
30-9VYD,33,27,1905,260.236151533495,379.813631027539
30-9VYD,34,29,1905,251.39211196903,377.065296880937
30-9VYD,35,18,1905,262.012632304555,403.421365533966
30-9VYD,36,17,1905,264.199577715773,371.206118551403
30-9VYD,37,25,1905,268.583418732307,380.257305619158
30-9VYD,38,11,1904,246.050146081178,354.236955256914
31-9VZJ,1,11,1906,111.962928880795,232.96601977988
31-9VZJ,2,17,1906,106.641876326914,227.388943226104
31-9VZJ,3,30,1905,128.300969101314,260.566027046016
31-9VZJ,4,25,1907,125.333910576519,236.606720775917
31-9VZJ,5,38,1905,148.328402436294,268.09995955267
31-9VZJ,6,13,1904,145.821870545783,239.910051008303
31-9VZJ,7,32,1907,151.917059103955,261.318869083931
31-9VZJ,8,7,1907,138.043512815908,272.772495090009
31-9VZJ,9,36,1904,147.349219542582,246.594502035494
31-9VZJ,10,31,1904,161.814880697953,254.179077605442
31-9VZJ,11,6,1904,180.039813308835,269.220407728853
31-9VZJ,12,20,1903,157.008384341574,297.753149724443
31-9VZJ,13,1,1904,181.144793876444,278.202014334475
31-9VZJ,14,10,1904,195.771883357438,290.709665108042
31-9VZJ,15,3,1906,175.50511641227,266.108786595899
31-9VZJ,16,37,1903,207.264897793064,299.469606098022
31-9VZJ,17,26,1904,183.221253686549,273.841193447343
31-9VZJ,18,28,1905,209.405715849272,281.268297061953
31-9VZJ,19,24,1904,149.733839234666,269.296516861789
31-9VZJ,20,12,1905,192.745982301389,338.114619268897
31-9VZJ,21,29,1905,178.892057071428,280.15255018146
31-9VZJ,22,40,1906,203.273862871656,349.53279070777
31-9VZJ,23,39,1905,178.192538678606,346.023444917845
31-9VZJ,24,8,1904,168.277177785371,265.263972559359
31-9VZJ,25,23,1904,163.044813674248,302.020723429121
31-9VZJ,26,33,1904,173.299611640801,279.247692164285
31-9VZJ,27,18,1904,177.588049697352,256.844297016659
31-9VZJ,28,2,1905,186.819598299449,315.981142176551
31-9VZJ,29,9,1904,168.833573939575,273.516506147191
31-9VZJ,30,34,1902,187.228370736825,279.337168664706
31-9VZJ,31,21,1904,185.910275110503,320.890733582003
31-9VZJ,32,27,1905,182.935662022218,274.177953766766
31-9VZJ,33,14,1905,174.802465227984,269.637475410717
31-9VZJ,34,15,1905,197.765446504677,319.104161334371
31-9VZJ,35,22,1903,177.438619593005,260.75995357642
31-9VZJ,36,4,1905,192.889757943123,280.599624762659
31-9VZJ,37,19,1905,188.697811396721,242.938518930148
31-9VZJ,38,5,1905,127.694350146719,280.772213546498
32-9VZN,1,33,1907,211.688697262273,310.217350517304
32-9VZN,2,17,1906,212.940600103163,365.516256207471
32-9VZN,3,26,1906,188.280403087734,286.381477774277
32-9VZN,4,34,1905,174.957082377182,272.001545678904
32-9VZN,5,11,1904,188.540875524017,439.467200233942
32-9VZN,6,2,1904,166.070134317834,322.388019658836
32-9VZN,7,36,1905,176.060497855272,287.778035057769
32-9VZN,8,14,1907,167.565792309653,280.975695490806
32-9VZN,9,23,1906,179.930857475459,258.968945074046
32-9VZN,10,27,1905,149.16078257658,302.359610086242
32-9VZN,11,6,1904,132.176574284888,263.573564137493
32-9VZN,12,20,1904,162.204546203182,304.816335777709
32-9VZN,13,12,1906,108.457880626428,370.778020538478
32-9VZN,14,40,1905,126.41475789449,332.83897091464
32-9VZN,15,10,1903,115.302810591978,280.064756986188
32-9VZN,16,25,1904,112.393952237,295.171514245249
32-9VZN,17,3,1905,113.177591485994,247.183837321878
32-9VZN,18,29,1905,157.320601283253,337.637823446278
32-9VZN,19,28,1905,165.031010256603,274.686568500409
32-9VZN,20,7,1907,199.217171251523,332.008273168295
32-9VZN,21,39,1905,120.545695385595,518.74990708952
32-9VZN,22,13,1905,126.032321573219,543.376453503914
32-9VZN,23,9,1905,163.819634507167,486.122893307428
32-9VZN,24,22,1905,174.276720757879,422.041496355172
32-9VZN,25,37,1904,214.96619337902,454.448441789818
32-9VZN,26,31,1905,211.281445617909,593.038473550631
32-9VZN,27,21,1904,196.027014251014,398.012361145955
32-9VZN,28,15,1905,205.388239914707,378.481141113774
32-9VZN,29,1,1905,195.457888269933,466.008025988204
32-9VZN,30,19,1904,207.545398256611,422.143318688785
32-9VZN,31,4,1904,212.787432102575,363.62301963573
32-9VZN,32,38,1904,199.512411405032,401.241317618012
32-9VZN,33,24,1906,194.162090706016,365.473269759687
32-9VZN,34,32,1905,190.784113624668,307.390858872273
32-9VZN,35,8,1905,198.244123093547,472.89226595352
32-9VZN,36,30,1904,183.884300679786,450.338047521498
32-9VZN,37,18,1905,197.788472474216,426.288949231223
32-9VZN,38,5,1904,181.731178805346,326.339175757929
33-9VZR,1,8,1904,203.85789017389,352.047754572392
33-9VZR,2,34,1903,153.033345430284,282.606736680198
33-9VZR,3,29,1905,186.086866635146,251.177355691651
33-9VZR,4,9,1903,193.058196299715,316.940982904133
33-9VZR,5,36,1905,191.408484500482,278.759856966176
33-9VZR,6,1,1907,210.703541090297,315.487316121573
33-9VZR,7,14,1907,208.091590238573,275.120386361307
33-9VZR,8,6,1906,172.31120693348,286.225397963959
33-9VZR,9,39,1904,189.327405476884,290.783477687585
33-9VZR,10,27,1904,183.781036607262,266.531150547227
33-9VZR,11,31,1905,199.718022084749,288.850731970502
33-9VZR,12,2,1906,197.998167421428,303.429159854431
33-9VZR,13,4,1904,214.048534772755,302.812435572381
33-9VZR,14,12,1905,202.995451193638,281.338111950712
33-9VZR,15,13,1905,201.957466880838,281.307152703421
33-9VZR,16,30,1905,204.481593757715,312.172079677607
33-9VZR,17,23,1904,207.81440769934,312.577730777096
33-9VZR,18,19,1905,207.686878250113,286.542836481643
33-9VZR,19,25,1905,214.131094717062,328.902033190874
33-9VZR,20,21,1906,190.229075911606,375.794262262937
33-9VZR,21,33,1904,225.223180857936,317.40080457398
33-9VZR,22,18,1905,197.517171396872,308.390175284567
33-9VZR,23,10,1905,210.687600652672,310.63599995556
33-9VZR,24,24,1904,179.99095763507,302.909045948651
33-9VZR,25,15,1904,181.616166658929,289.65918214554
33-9VZR,26,3,1905,194.991640044671,333.616756653975
33-9VZR,27,37,1905,191.555938608557,301.25792114005
33-9VZR,28,20,1905,214.578571245557,329.518817283566
33-9VZR,29,26,1905,195.281025811979,327.005362006802
33-9VZR,30,28,1906,193.453637386077,389.342538087624
33-9VZR,31,7,1905,184.134118084464,320.100343180189
33-9VZR,32,17,1905,208.916918773851,316.670378010205
33-9VZR,33,38,1905,212.941335766396,329.455929506715
33-9VZR,34,40,1905,204.328980568453,308.062542408346
33-9VZR,35,32,1903,210.701920083928,328.254090383065
33-9VZR,36,22,1905,207.525924538686,318.445042126086
33-9VZR,37,11,1907,200.251450776286,332.253023274624
33-9VZR,38,5,1905,206.287865986126,356.79566416149
34-9W1R,1,39,1904,217.464856673669,341.196383969747
34-9W1R,2,13,1905,237.729055115978,353.624166842261
34-9W1R,3,12,1904,248.440809422351,371.474080553261
34-9W1R,4,20,1905,264.87591039177,376.24358441454
34-9W1R,5,36,1905,279.622731043973,403.451561036388
34-9W1R,6,33,1903,264.535055159847,367.628667578558
34-9W1R,7,4,1905,282.637150761545,392.087860633591
34-9W1R,8,27,1904,264.0105142793,349.139913292027
34-9W1R,9,2,1903,271.064650045015,364.12363409779
34-9W1R,10,21,1905,260.527355517443,363.696590556444
34-9W1R,11,7,1904,292.1415546471,391.00954444656
34-9W1R,12,26,1905,285.258191699517,386.063166758549
34-9W1R,13,30,1905,288.051079719047,364.619033723732
34-9W1R,14,23,1905,268.318992382678,386.14351873717
34-9W1R,15,18,1904,302.967296188714,402.773876019154
34-9W1R,16,19,1904,275.670939485419,376.419805861723
34-9W1R,17,8,1905,260.406934502313,408.415511371604
34-9W1R,18,6,1904,270.121842996546,419.008741851607
34-9W1R,19,14,1904,279.225054814374,383.224785972242
34-9W1R,20,1,1905,294.322119174265,401.465413467341
34-9W1R,21,34,1904,302.239932671768,410.767194917736
34-9W1R,22,31,1905,305.395464015981,427.642594781807
34-9W1R,23,32,1904,295.225410733085,394.573958134599
34-9W1R,24,37,1905,258.661462136346,375.704121226872
36-9W4C,1,27,1905,214.136677330171,308.293436080369
36-9W4C,2,31,1902,214.596605151206,277.505031573573
36-9W4C,3,19,1905,206.734971899608,302.872021878494
36-9W4C,4,1,1904,219.791428376717,329.040118924231
36-9W4C,5,29,1905,200.611295010545,304.262112074544
36-9W4C,6,22,1905,176.077956637043,279.834779073589
36-9W4C,7,9,1905,205.97746497526,290.217363014455
36-9W4C,8,39,1905,197.758538191016,275.737939460773
36-9W4C,9,24,1904,194.70533219081,268.011404229451
36-9W4C,10,6,1905,197.160053011123,273.815415580107
36-9W4C,11,7,1904,193.912871381736,273.933059336892
36-9W4C,12,5,1905,191.284725667855,274.788717092779
36-9W4C,13,4,1904,209.59673284479,301.019739972177
36-9W4C,14,23,1905,197.503625382635,294.098838411632
36-9W4C,15,36,1905,214.51728100953,318.616605035828
36-9W4C,16,30,1905,195.797469899716,266.333945485612
36-9W4C,17,25,1904,204.994435612085,286.828965088797
36-9W4C,18,34,1904,192.938436370196,278.165794629978
36-9W4C,19,3,1905,202.491743103848,283.428177241806
36-9W4C,20,14,1904,230.28955908429,323.307361397077
36-9W4C,21,13,1905,219.272695131897,301.672021311207
36-9W4C,22,8,1904,235.460663533146,301.022198359102
36-9W4C,23,12,1904,201.779945061582,295.96039103449
36-9W4C,24,21,1905,215.72975053768,321.969976473231
36-9W4C,25,15,1905,209.909917751057,297.216208563332
36-9W4C,26,2,1904,217.21467075501,313.669787619965
36-9W4C,27,20,1904,204.281446898543,285.596239377021
36-9W4C,28,38,1904,219.928652068019,301.64994277096
36-9W4C,29,17,1905,212.106707558994,301.123731111949
36-9W4C,30,10,1903,204.962637950866,297.167556595784
36-9W4C,31,28,1905,212.869679936194,297.657160828453
36-9W4C,32,18,1905,199.868174999718,264.911153656225
36-9W4C,33,32,1904,216.835181385038,286.189398058994
36-9W4C,34,37,1905,216.162067724848,299.953555028592
36-9W4C,35,40,1905,205.650264631359,308.074183590462
36-9W4C,36,26,1905,218.496389247961,289.415586065772
36-9W4C,37,33,1906,215.10252987866,298.504694075827
36-9W4C,38,11,1904,222.042086354407,309.723708072749
37-9W4X,1,31,1905,216.190507053252,289.507622232744
37-9W4X,2,34,1904,190.172809598899,272.263649974299
37-9W4X,3,7,1906,203.354354437234,313.527111176762
37-9W4X,4,29,1904,212.937325813235,305.686478905089
37-9W4X,5,14,1903,207.759773630038,283.321508575884
37-9W4X,6,28,1904,209.254509137126,300.395605640627
37-9W4X,7,5,1907,210.054682293973,284.789048095181
37-9W4X,8,17,1905,199.781288113032,291.168291805905
37-9W4X,9,6,1905,199.356565474137,277.752105278737
37-9W4X,10,38,1906,191.302119453084,278.890927884057
37-9W4X,11,4,1905,206.291453301244,306.374534047574
37-9W4X,12,32,1904,199.718591829079,285.588067134984
37-9W4X,13,8,1905,218.074964776133,290.71730176121
37-9W4X,14,25,1905,212.607181517904,324.070257676905
37-9W4X,15,13,1905,188.449974921039,302.898145931049
37-9W4X,16,39,1904,191.114277431423,274.165911489149
37-9W4X,17,27,1904,205.478987396658,301.747868600175
37-9W4X,18,33,1906,184.574439013064,292.894184707427
37-9W4X,19,26,1904,198.465954311182,281.081229163171
37-9W4X,20,23,1906,220.649748071787,307.250454352629
37-9W4X,21,21,1905,212.855238901248,296.067505137334
37-9W4X,22,2,1906,209.688236551829,301.495536527524
37-9W4X,23,1,1904,187.013899178404,296.040778317017
37-9W4X,24,20,1905,209.539147313813,290.32620383236
37-9W4X,25,37,1905,202.756668749645,309.506940161721
37-9W4X,26,18,1907,197.20508900052,310.60961035665
37-9W4X,27,40,1904,198.34057029125,281.827745820221
37-9W4X,28,10,1905,201.131600133939,323.590359844938
37-9W4X,29,12,1907,218.538070228909,323.347151013926
37-9W4X,30,36,1905,197.817251167069,279.96046680852
37-9W4X,31,9,1905,214.644617744442,311.890766758989
37-9W4X,32,11,1906,202.66090844765,309.766896438307
37-9W4X,33,15,1904,208.406900169635,312.171532622329
37-9W4X,34,19,1904,218.224094845327,341.051202604842
37-9W4X,35,24,1904,206.311316445737,281.336493250951
37-9W4X,36,30,1904,202.631122945952,261.205568964607
37-9W4X,37,22,1905,192.232593028103,293.255071610866
37-9W4X,38,3,1907,224.674045716328,319.125032313634
38-9W6A,1,33,1907,192.461362337969,290.533770751417
38-9W6A,2,23,1905,180.69328050981,274.875296101255
38-9W6A,3,9,1905,202.123981435133,285.379296685029
38-9W6A,4,39,1905,218.460954161527,298.476278307074
38-9W6A,5,5,1905,204.187962723438,308.02521374647
38-9W6A,6,11,1905,221.179794018887,302.155645475025
38-9W6A,7,1,1904,224.176126316184,286.809911960732
38-9W6A,8,31,1905,236.775554325033,309.203320245236
38-9W6A,9,37,1904,247.5060375323,325.463731699718
38-9W6A,10,24,1905,215.867711570533,308.960209484334
38-9W6A,11,8,1906,247.13305190472,334.903046491771
38-9W6A,12,4,1906,267.028109162889,350.164281781926
38-9W6A,13,28,1905,250.446988821718,318.41769074723
38-9W6A,14,12,1904,225.888687583285,302.141326998748
38-9W6A,15,13,1903,239.769304608053,315.437512021803
38-9W6A,16,30,1905,233.68086641722,351.799300254659
38-9W6A,17,25,1906,234.546849604339,306.76799636481
38-9W6A,18,40,1905,205.51236937275,311.538677034676
38-9W6A,19,10,1905,231.177604632954,323.174928817413
38-9W6A,20,21,1905,244.036866094882,329.562002486618
38-9W6A,21,22,1904,231.774334669797,326.819043377455
38-9W6A,22,14,1904,237.911329154562,315.266746966467
38-9W6A,23,34,1905,241.392012715582,322.786475664731
38-9W6A,24,32,1905,248.889272455191,327.435404877239
38-9W6A,25,18,1905,241.018184284071,336.48754272369
38-9W6A,26,6,1905,261.010228761715,333.11216295565
38-9W6A,27,2,1903,250.273048569829,315.312425749947
38-9W6A,28,38,1905,252.735159482564,319.243632047682
38-9W6A,29,29,1904,250.567652578783,328.497305350052
38-9W6A,30,27,1905,251.170556609581,319.801618651242
38-9W6A,31,3,1904,248.020692463285,343.994324390513
38-9W6A,32,15,1905,247.862964043001,330.544577662965
38-9W6A,33,36,1904,253.400865280758,336.367745923559
38-9W6A,34,17,1905,263.293512851748,355.027188801439
38-9W6A,35,19,1904,263.254268619638,342.705281910092
38-9W6A,36,26,1904,249.030349223041,323.119791280688
38-9W6A,37,20,1905,267.045802791549,345.732300351937
38-9W6A,38,7,1905,255.841223720496,345.482929202415
39-9W6G,1,9,1907,210.20395093728,422.190512764347
39-9W6G,2,24,1904,207.869337095591,419.957034277332
39-9W6G,3,36,1904,209.876416984446,325.716720215293
39-9W6G,4,12,1905,219.915323175581,317.732066107144
39-9W6G,5,6,1905,209.016076909855,365.186252371676
39-9W6G,6,25,1904,211.005640936913,364.186475135116
39-9W6G,7,19,1904,223.336974010516,425.421950684359
39-9W6G,8,21,1906,215.303428820702,371.487718756335
39-9W6G,9,2,1904,199.19673376852,314.570273693016
39-9W6G,10,8,1905,191.524732997629,361.969696679158
39-9W6G,11,4,1907,216.960895433996,328.770122757725
39-9W6G,12,29,1905,217.25193628783,364.417111977153
39-9W6G,13,37,1904,230.16506612359,343.99382794233
39-9W6G,14,17,1904,221.029050209818,304.293167800359
39-9W6G,15,18,1906,222.036592458086,330.013725989613
39-9W6G,16,33,1905,216.181817655395,296.023856492694
39-9W6G,17,27,1904,227.651646517192,339.465369615777
39-9W6G,18,7,1907,245.968348291426,348.249047021859
39-9W6G,19,31,1904,232.670162318934,328.969525941198
39-9W6G,20,26,1905,229.277444233119,328.573197310165
39-9W6G,21,23,1906,217.514845141655,327.006928722627
39-9W6G,22,39,1904,234.848092162724,356.290185621457
39-9W6G,23,14,1905,245.488351735348,333.148218503315
39-9W6G,24,13,1905,261.915498715478,358.191666964932
39-9W6G,25,34,1905,226.92784583261,386.831943733211
39-9W6G,26,32,1905,249.32414000727,344.414724292872
39-9W6G,27,15,1904,251.431279811116,373.423859661479
39-9W6G,28,10,1904,228.706308681827,374.947295533428
39-9W6G,29,28,1904,241.231483788829,355.886853404687
39-9W6G,30,40,1906,232.61939668164,336.454890480279
39-9W6G,31,38,1904,238.274606188041,394.451598432073
39-9W6G,32,1,1904,258.556012948483,404.415219137741
39-9W6G,33,20,1905,248.39406606357,352.508289894574
39-9W6G,34,11,1906,276.183809860057,416.984480559581
39-9W6G,35,22,1904,227.974241068362,329.516571498203
39-9W6G,36,5,1905,250.0796397305,374.725570517814
39-9W6G,37,30,1904,248.159855937672,413.282110443198
39-9W6G,38,3,1904,253.105851386618,382.493111003609
40-9W74,1,6,1904,174.132245718152,291.132316523678
40-9W74,2,36,1905,174.567510972747,266.827858232666
40-9W74,3,24,1906,165.770274335447,278.721667397081
40-9W74,4,5,1904,170.762947999653,290.487135016133
40-9W74,5,21,1906,161.24750261763,254.428890392935
40-9W74,6,18,1907,159.381894778859,256.073854616396
40-9W74,7,11,1906,176.038023894768,259.702963854515
40-9W74,8,8,1904,173.529404116932,267.253771799302
40-9W74,9,3,1905,177.574913879806,303.226477869858
40-9W74,10,25,1905,167.933981587256,257.054983239868
40-9W74,11,29,1905,177.087620974576,281.037683601886
40-9W74,12,40,1907,178.129913855387,254.821022367483
40-9W74,13,4,1904,180.500829655328,293.007859581884
40-9W74,14,37,1906,182.952772184745,290.107892701924
40-9W74,15,27,1905,176.515799930689,265.086011246447
40-9W74,16,14,1907,169.498175493152,287.161991959296
40-9W74,17,12,1904,183.703586619664,288.25337307163
40-9W74,18,31,1905,186.552484765036,281.247248014794
40-9W74,19,38,1907,171.450282904892,268.257672729296
40-9W74,20,2,1906,192.538247621645,288.893493945038
40-9W74,21,33,1904,181.094977987227,262.659488316236
40-9W74,22,13,1905,192.845190102794,279.624970394648
40-9W74,23,32,1905,173.704494688742,259.006310809802
40-9W74,24,23,1904,150.481863030057,251.294950691961
40-9W74,25,39,1905,190.203189531771,279.219966975585
40-9W74,26,34,1905,174.384150941197,261.857679524299
40-9W74,27,30,1904,169.287468838001,275.371873620806
40-9W74,28,9,1904,193.10742807254,285.790311239473
40-9W74,29,15,1904,194.737196995629,314.710668412188
40-9W74,30,19,1905,199.023914683446,308.518068142265
40-9W74,31,7,1904,187.145045367881,314.905597410939
40-9W74,32,26,1905,184.922617442482,244.415859483909
40-9W74,33,10,1904,180.984111955753,295.666734217859
40-9W74,34,22,1904,172.05068263832,261.21929832606
40-9W74,35,20,1905,176.36932741918,269.154217575771
40-9W74,36,28,1905,164.942683094307,261.57296204213
40-9W74,37,17,1905,170.302964068451,277.436509126875
40-9W74,38,1,1905,197.295995719325,299.518834411024
41-9W7K,1,5,1904,167.065142554803,295.230714560259
41-9W7K,2,28,1906,165.287442453545,268.236239371883
41-9W7K,3,26,1905,171.548201110422,263.473765183586
41-9W7K,4,18,1904,172.791217171091,288.292274554708
41-9W7K,5,3,1905,197.048573562681,305.503369346278
41-9W7K,6,10,1904,197.181850526647,297.7919571656
41-9W7K,7,15,1906,192.498330104967,319.974055343917
41-9W7K,8,29,1905,181.156421501423,316.933978121863
41-9W7K,9,1,1905,188.293739983643,278.500187266326
41-9W7K,10,17,1904,205.57357509178,316.792592109231
41-9W7K,11,30,1906,194.149043864452,318.629468530137
41-9W7K,12,34,1904,203.094550503019,292.497434376696
41-9W7K,13,39,1906,212.779541115734,290.677158134785
41-9W7K,14,12,1903,189.726728638409,301.074197994246
41-9W7K,15,38,1905,191.644772464277,281.257772735284
41-9W7K,16,24,1907,188.205744124874,282.537436746578
41-9W7K,17,23,1905,198.424082180099,285.209695388747
41-9W7K,18,8,1904,201.246042723676,302.929341488048
41-9W7K,19,9,1904,210.920911557803,320.692697335891
41-9W7K,20,11,1905,211.234829479859,307.135378543319
41-9W7K,21,2,1905,224.02651901088,321.331971545583
41-9W7K,22,21,1906,219.82302317174,307.234520499358
41-9W7K,23,37,1905,217.593084849293,314.88245816615
41-9W7K,24,4,1905,241.300261276589,392.24535417977
41-9W7K,25,20,1906,219.244003597827,305.52051141665
41-9W7K,26,13,1904,209.073396260303,313.317516846229
41-9W7K,27,31,1904,211.189008319112,352.789001906075
41-9W7K,28,27,1904,206.892272887628,372.98762381342
41-9W7K,29,32,1905,203.961182444662,306.198156942058
41-9W7K,30,33,1905,209.880356163312,282.263898686098
41-9W7K,31,22,1904,209.647650521381,328.730470039482
41-9W7K,32,40,1905,218.80047782567,342.19911823922
41-9W7K,33,7,1907,221.368365957449,331.378772825834
41-9W7K,34,25,1907,207.624924471979,290.761159679708
41-9W7K,35,6,1905,207.484226224325,332.702119672573
41-9W7K,36,36,1905,204.831783501113,340.411836237739
41-9W7K,37,14,1906,218.055516789088,356.789601387858
41-9W7K,38,19,1905,250.682808887876,352.157368097433
42-9W7R,1,13,1905,232.657691308961,316.145759506416
42-9W7R,2,19,1904,239.098139384954,399.755859221925
42-9W7R,3,34,1905,264.833999187087,380.743375036213
42-9W7R,4,33,1904,256.257851398398,387.422329079293
42-9W7R,5,9,1904,251.069001413168,376.359914952635
42-9W7R,6,39,1907,227.604886121132,336.174763061897
42-9W7R,7,38,1905,221.544701254098,293.593218327001
42-9W7R,8,10,1906,248.499348454629,401.050453813309
42-9W7R,9,6,1905,240.688479549411,325.543828114445
42-9W7R,10,29,1905,231.352122628078,368.534163802558
42-9W7R,11,3,1904,241.54807513759,340.177139857629
42-9W7R,12,17,1905,238.549682943167,396.348668488707
42-9W7R,13,28,1905,239.040993145617,414.353845618321
42-9W7R,14,24,1905,241.858721079368,407.601136612343
42-9W7R,15,36,1904,244.129686364922,342.585831561709
42-9W7R,16,22,1904,230.417197070828,357.296763216678
42-9W7R,17,4,1904,237.85952152476,493.915630163767
42-9W7R,18,37,1904,255.653911833057,369.211019167061
42-9W7R,19,23,1905,226.598741522453,380.003626709377
42-9W7R,20,32,1905,247.510639478093,337.680138904741
42-9W7R,21,26,1904,247.398952398783,380.274071814299
42-9W7R,22,14,1904,237.232025258866,388.22829917004
42-9W7R,23,12,1905,262.163367951183,380.837704386627
42-9W7R,24,8,1905,252.833118195754,410.40880322798
42-9W7R,25,1,1904,230.679664058372,298.127058359934
42-9W7R,26,25,1904,221.163577576858,341.253438352529
42-9W7R,27,27,1903,227.708905954857,354.124127475232
42-9W7R,28,15,1904,238.060825765514,338.723199128998
42-9W7R,29,21,1905,232.97237277441,324.532431926043
42-9W7R,30,40,1905,221.442927166223,317.327801698292
42-9W7R,31,2,1905,243.593027130567,430.091133019047
42-9W7R,32,5,1904,243.070750151882,326.317545061564
42-9W7R,33,11,1905,244.93444911903,369.149341882026
42-9W7R,34,18,1904,224.268290921928,391.042008527371
42-9W7R,35,31,1905,247.569050154716,445.109789575321
42-9W7R,36,30,1906,221.397153029393,335.180160740603
42-9W7R,37,20,1905,240.048343497352,348.038118674151
42-9W7R,38,7,1905,223.403871694547,316.977620781162
43-9W91,1,39,1906,253.131917734368,429.558335413886
43-9W91,2,8,1905,252.935540163144,455.623132875332
43-9W91,3,31,1904,256.081411080747,479.935286055127
43-9W91,4,11,1905,267.329589077848,528.21899814352
43-9W91,5,32,1904,246.531356990868,505.629648384679
43-9W91,6,27,1905,275.105902300672,540.138467257785
43-9W91,7,10,1905,266.066427744333,575.280753078329
43-9W91,8,37,1904,267.789887642876,576.808815662874
43-9W91,9,22,1905,244.745659897118,537.535284529965
43-9W91,10,38,1904,243.794489540435,421.11966188947
43-9W91,11,23,1904,235.673679613493,414.596117992055
43-9W91,12,29,1904,244.350150734001,494.852322152865
43-9W91,13,28,1905,264.870752447532,425.498214700217
43-9W91,14,26,1905,250.496761244642,374.205825069756
43-9W91,15,36,1906,266.933227419612,369.269448890033
43-9W91,16,30,1904,268.901889940118,371.974229124504
43-9W91,17,13,1904,253.814214410733,373.649099417109
43-9W91,18,9,1904,275.570047186491,503.152505955204
43-9W91,19,17,1905,264.816373007079,520.562636470204
43-9W91,20,40,1905,267.503929829808,537.037111083254
43-9W91,21,19,1905,262.438118026234,448.641654557718
43-9W91,22,21,1904,255.680945875569,424.09182180823
43-9W91,23,4,1906,235.103674533081,379.649181077824
43-9W91,24,24,1905,273.918928128476,555.095904124025
43-9W91,25,7,1905,258.092601388374,541.806425429046
43-9W91,26,15,1906,281.354297779575,564.996795373492
43-9W91,27,34,1905,247.896722279927,515.412551867626
43-9W91,28,5,1904,256.953870571392,384.363305196822
43-9W91,29,14,1905,272.370051266271,372.949314423282
43-9W91,30,25,1904,251.669791885762,370.387083828681
43-9W91,31,18,1905,248.700509779288,364.397585382031
43-9W91,32,12,1905,254.561755295869,602.190746907867
43-9W91,33,33,1904,253.512482824494,366.143190338044
43-9W91,34,2,1905,253.544039271741,392.970604952216
43-9W91,35,20,1905,256.986545776639,403.512086336547
43-9W91,36,3,1905,258.43292269458,653.291116796183
43-9W91,37,6,1905,254.509422856566,361.677065935378
43-9W91,38,1,1905,257.931983239313,383.41234895429
44-9WAY,1,8,1906,246.954124385419,370.546887761152
44-9WAY,2,28,1907,239.674556889,403.832056458997
44-9WAY,3,15,1905,296.965584922834,768.187477176685
44-9WAY,4,30,1906,286.807790086602,543.572113260162
44-9WAY,5,10,1906,254.189043353753,377.207784462733
44-9WAY,6,39,1906,293.949176782134,708.248496073834
44-9WAY,7,32,1906,294.649671516339,598.80775307281
44-9WAY,8,26,1904,269.534954840565,447.193610783394
44-9WAY,9,1,1906,310.051513088944,638.781768155444
44-9WAY,10,37,1904,301.627191482782,662.166951905054
44-9WAY,11,29,1905,300.87522718503,757.518347183708
44-9WAY,12,23,1905,278.043390334619,607.920364989513
44-9WAY,13,31,1905,307.595238406882,717.218625716389
44-9WAY,14,36,1905,270.91088237601,742.670972959687
44-9WAY,15,34,1905,278.390608001958,400.92907679586
44-9WAY,16,18,1904,299.26909005025,662.693639476094
44-9WAY,17,33,1905,308.844849150628,675.8020577147
44-9WAY,18,38,1904,276.101045548984,729.764633198945
44-9WAY,19,14,1907,268.501383250657,443.002160670878
44-9WAY,20,22,1908,298.909370962399,475.420993475201
44-9WAY,21,19,1905,293.234106489394,653.093288459175
44-9WAY,22,25,1904,324.817244586302,631.903101188958
44-9WAY,23,2,1904,302.415331355879,724.928620535404
44-9WAY,24,13,1905,298.450720875527,697.805942190992
44-9WAY,25,20,1904,301.00290890638,794.990205469807
44-9WAY,26,11,1904,317.226610060583,665.518951494129
44-9WAY,27,6,1904,297.695915122838,638.445805131015
44-9WAY,28,17,1907,305.796887701573,657.687489304816
44-9WAY,29,3,1905,320.334110983156,591.769968146713
44-9WAY,30,27,1905,315.280288797963,641.545308204806
44-9WAY,31,4,1905,316.380650020859,732.776731214074
44-9WAY,32,12,1905,329.199070708202,579.745647145369
44-9WAY,33,21,1904,331.591453255266,637.534900884329
44-9WAY,34,40,1905,351.139462498374,802.387007524989
44-9WAY,35,9,1903,319.109334610318,773.218314529941
44-9WAY,36,7,1903,330.360255108484,789.918157133899
44-9WAY,37,24,1904,333.513586030534,557.589957164421
44-9WAY,38,5,1905,354.032167141343,659.444254020759
45-9WBS,1,7,1905,196.659924065037,296.811810417569
45-9WBS,2,17,1906,180.378438234767,255.78648247395
45-9WBS,3,34,1906,188.028557077857,259.267500614572
45-9WBS,4,30,1904,173.760850814986,299.362948674218
45-9WBS,5,14,1906,198.154652406576,276.698718258488
45-9WBS,6,11,1904,194.004733947917,285.275951660095
45-9WBS,7,6,1905,206.590361039353,269.708401423315
45-9WBS,8,40,1907,181.438695821896,270.652305546663
45-9WBS,9,36,1905,195.457597030112,279.307414285445
45-9WBS,10,31,1904,201.090129748938,309.288363865834
45-9WBS,11,19,1907,195.988970281522,283.56150683454
45-9WBS,12,15,1905,189.618984687153,317.556798667627
45-9WBS,13,10,1904,206.154815101953,272.933348178626
45-9WBS,14,1,1907,220.183845523393,330.870594066734
45-9WBS,15,24,1905,206.203132020787,286.692588248559
45-9WBS,16,9,1905,193.867071050411,282.202785075152
45-9WBS,17,29,1907,198.854804250887,271.217910761792
45-9WBS,18,28,1905,206.359324585889,297.682021480557
45-9WBS,19,20,1905,211.657232525451,304.058487587844
45-9WBS,20,39,1905,233.081812559622,344.606561662698
45-9WBS,21,26,1905,187.70996088656,284.659493103244
45-9WBS,22,23,1904,217.80513947471,329.502059900719
45-9WBS,23,21,1904,213.995049676045,310.104844232198
45-9WBS,24,4,1904,209.825559871827,279.580383582286
45-9WBS,25,13,1904,200.601221170728,349.756652180659
45-9WBS,26,5,1904,210.546245280581,302.882359003216
45-9WBS,27,38,1904,224.665050537589,327.783270438971
45-9WBS,28,33,1904,214.905274596957,333.135402997375
45-9WBS,29,18,1904,201.846516345974,315.455377440234
45-9WBS,30,3,1904,218.191876867501,299.241225333355
45-9WBS,31,2,1905,230.139095824438,356.883562805097
45-9WBS,32,12,1905,221.945944877978,329.564420690667
45-9WBS,33,27,1905,214.918136246736,299.566534439553
45-9WBS,34,37,1904,240.151001391802,345.910571139011
45-9WBS,35,22,1904,239.189292548627,342.668238481861
45-9WBS,36,32,1905,238.606231518134,353.4626708272
45-9WBS,37,25,1905,244.809148381133,347.55626478404
45-9WBS,38,8,1904,227.584990399964,324.59539672934
46-9WCE,1,12,1904,211.130107278348,282.832649268422
46-9WCE,2,27,1905,215.834218623628,280.043007659588
46-9WCE,3,31,1904,206.752731398953,303.328398795977
46-9WCE,4,10,1903,240.625086692905,311.133683796398
46-9WCE,5,9,1904,225.953959116261,287.017046814138
46-9WCE,6,21,1905,216.242372861327,292.843648377147
46-9WCE,7,19,1904,207.135635173423,274.721174812939
46-9WCE,8,40,1903,213.667229360554,301.71862625723
46-9WCE,9,28,1905,215.951816613105,288.868665182123
46-9WCE,10,13,1905,237.191592591984,303.821377747786
46-9WCE,11,39,1904,230.415588341261,297.656587096586
46-9WCE,12,26,1906,213.656838687959,277.599171054792
46-9WCE,13,2,1904,217.338386665923,295.01776937569
46-9WCE,14,24,1904,225.607408892214,305.057150806763
46-9WCE,15,32,1905,223.900450072567,292.081046086821
46-9WCE,16,18,1907,217.034610238529,288.881079830328
46-9WCE,17,7,1905,234.69861084626,318.344205800317
46-9WCE,18,25,1904,221.306897491244,299.997011418516
46-9WCE,19,37,1905,240.532569384951,325.397086253742
46-9WCE,20,11,1907,230.919154835764,310.23514956742
46-9WCE,21,30,1905,227.286279694742,322.258035593597
46-9WCE,22,14,1905,205.903109217998,266.045459757033
46-9WCE,23,23,1904,215.554597493877,279.330851219078
46-9WCE,24,20,1905,214.324540448313,293.012910774962
46-9WCE,25,3,1903,246.421538561876,329.904174712012
46-9WCE,26,8,1905,231.213552817786,304.544116474915
46-9WCE,27,17,1905,223.547027884183,311.255511431832
46-9WCE,28,34,1905,231.127858883983,296.304095719964
46-9WCE,29,29,1907,233.799226913553,335.231616574868
46-9WCE,30,38,1905,238.995504192494,350.839258756306
46-9WCE,31,36,1904,225.209406015844,294.919925095366
46-9WCE,32,6,1905,239.430747732539,327.110837447809
46-9WCE,33,22,1906,223.235762606481,305.320709302421
46-9WCE,34,5,1905,233.12235086322,318.465956301376
46-9WCE,35,15,1905,224.405822904333,300.44297699768
46-9WCE,36,33,1905,226.011140643266,290.410894938794
46-9WCE,37,1,1905,240.653473618608,328.059631512635
46-9WCE,38,4,1905,256.31848946181,375.693060416957
47-9WCU,1,4,1904,271.995998273204,405.345410857329
47-9WCU,2,14,1907,254.042651433334,357.664447514132
47-9WCU,3,17,1907,242.706666936807,351.149675613523
47-9WCU,4,30,1905,254.350122885024,345.173847977452
47-9WCU,5,10,1904,265.904952455158,355.745267063563
47-9WCU,6,21,1905,300.494319113584,452.715898594249
47-9WCU,7,23,1904,266.805243036799,445.689776396369
47-9WCU,8,26,1905,267.337254796542,403.313546325952
47-9WCU,9,32,1905,256.092527089748,392.561456801088
47-9WCU,10,27,1905,274.116698753791,358.690022265761
47-9WCU,11,38,1905,266.575357440153,373.384070460604
47-9WCU,12,31,1905,257.661486327549,380.581869596227
47-9WCU,13,7,1905,273.64031131735,393.764206870884
47-9WCU,14,37,1904,278.696747343883,352.131180357576
47-9WCU,15,9,1904,258.769927268503,414.786375584421
47-9WCU,16,19,1904,274.507457728011,372.126161856155
47-9WCU,17,34,1905,269.432402736336,377.397583664335
47-9WCU,18,39,1904,255.106669232074,353.835626357806
47-9WCU,19,15,1905,236.674076231524,326.788560596656
47-9WCU,20,24,1904,242.652950473243,349.60948957872
47-9WCU,21,36,1905,252.834469085061,332.033819249567
47-9WCU,22,5,1905,268.867699301055,389.328355632324
47-9WCU,23,18,1905,257.601607417761,339.6985468552
47-9WCU,24,40,1905,263.020954893533,386.42071529148
47-9WCU,25,13,1905,265.571098882261,347.178203348758
47-9WCU,26,28,1905,263.553477775616,353.869087817081
47-9WCU,27,2,1904,259.340274533238,407.565661738106
47-9WCU,28,25,1905,262.748114201413,362.493481161165
47-9WCU,29,8,1905,283.48340418364,441.366568880788
47-9WCU,30,20,1904,276.399425712979,394.247340555027
47-9WCU,31,33,1905,282.667964340656,394.115491121799
47-9WCU,32,12,1905,270.283564102976,405.063738861037
47-9WCU,33,22,1904,271.945138135424,426.622392669021
47-9WCU,34,6,1904,271.461772142886,364.66930156499
47-9WCU,35,11,1904,267.383650840468,353.227782232201
47-9WCU,36,1,1904,270.148527629121,402.651463387749
47-9WCU,37,29,1904,279.655809680462,386.055351820649
47-9WCU,38,3,1905,278.388358722096,377.769663076557
48-9WDR,1,40,1905,170.963180332655,263.682176759576
48-9WDR,2,19,1906,164.233835108321,258.348325081689
48-9WDR,3,31,1905,184.40257381178,241.033299702722
48-9WDR,4,3,1905,183.920680824704,264.593149855726
48-9WDR,5,39,1905,200.471921373429,267.358547306352
48-9WDR,6,11,1907,206.145979036376,278.117699033052
48-9WDR,7,23,1906,197.628674150322,260.419831610618
48-9WDR,8,36,1905,198.886577075949,277.563487950312
48-9WDR,9,9,1905,205.295093567299,267.716646158785
48-9WDR,10,14,1907,216.305805997716,287.1395907192
48-9WDR,11,34,1906,198.237373221061,274.710606880476
48-9WDR,12,25,1904,222.060689437155,286.697949261715
48-9WDR,13,32,1905,212.683475915456,265.781935268654
48-9WDR,14,20,1904,215.104781408506,287.93010997769
48-9WDR,15,27,1903,201.281829794288,278.982967359011
48-9WDR,16,18,1906,204.806483925172,283.266250070111
48-9WDR,17,37,1907,211.535901586289,270.499355700207
48-9WDR,18,15,1904,216.172073883174,299.597126874172
48-9WDR,19,17,1904,217.126521731678,302.901904602116
48-9WDR,20,12,1906,200.478877013007,266.485441025621
48-9WDR,21,24,1904,204.513602971801,273.064922676833
48-9WDR,22,30,1904,206.563621228813,270.290935437487
48-9WDR,23,21,1906,203.883997110652,272.354793909332
48-9WDR,24,26,1905,203.529240166783,298.465597855597
48-9WDR,25,38,1904,198.373583813138,267.485841141398
48-9WDR,26,2,1904,213.027796833441,272.888711042773
48-9WDR,27,22,1905,207.468312816324,300.02016028775
48-9WDR,28,29,1904,209.918188783988,267.585845635557
48-9WDR,29,8,1906,208.525137964157,269.238379881026
48-9WDR,30,28,1904,197.62709023013,261.852679520871
48-9WDR,31,6,1905,213.556636721566,304.581684874298
48-9WDR,32,1,1904,212.474737369328,307.773959167106
48-9WDR,33,7,1904,210.602604674416,276.732661537538
48-9WDR,34,10,1904,199.866607454755,264.557864228171
48-9WDR,35,33,1905,213.874403153053,277.904135994068
48-9WDR,36,13,1905,216.437613728613,310.820847556777
48-9WDR,37,4,1904,210.079612701535,299.327577930743
48-9WDR,38,5,1904,208.817848673426,290.251294350382
49-9WEW,1,32,1904,140.965771871127,236.225078725539
49-9WEW,2,14,1906,130.218642477499,215.233363639808
49-9WEW,3,5,1905,145.939727646164,205.726925404023
49-9WEW,4,20,1906,147.261487038058,209.526921897818
49-9WEW,5,13,1904,132.501983184402,247.157582354601
49-9WEW,6,27,1904,143.082067056879,233.171426966028
49-9WEW,7,34,1904,118.62950680445,185.78683694248
49-9WEW,8,2,1904,134.493118288671,252.214327463859
49-9WEW,9,37,1904,139.703833884256,207.956408775725
49-9WEW,10,10,1905,133.033855722488,229.490369880784
49-9WEW,11,26,1904,156.943653898694,225.290150580729
49-9WEW,12,17,1905,149.06992561111,225.859716972823
49-9WEW,13,22,1903,154.6838400093,218.714605239848
49-9WEW,14,36,1905,137.273531461334,205.751273750445
49-9WEW,15,38,1905,158.773559253109,247.944710771897
49-9WEW,16,23,1906,162.565267700366,256.093638503563
49-9WEW,17,3,1903,141.722724684539,216.415519830308
49-9WEW,18,33,1905,165.011347753469,225.669853067457
49-9WEW,19,30,1904,161.15427119684,290.578439982445
49-9WEW,20,28,1904,142.182287803894,231.171448561295
49-9WEW,21,19,1905,137.711567796745,230.961551555482
49-9WEW,22,4,1905,146.117486211014,232.910057074246
49-9WEW,23,7,1905,136.627593469474,218.80802259348
49-9WEW,24,31,1905,149.700963858726,223.537860485045
49-9WEW,25,6,1904,147.113550517977,269.215967365257
49-9WEW,26,12,1905,133.035567308206,236.387201375104
49-9WEW,27,11,1906,155.781576845345,226.250792359924
49-9WEW,28,25,1904,145.070818715997,235.992661471475
49-9WEW,29,9,1903,139.343778925126,261.128191608456
49-9WEW,30,40,1904,161.840208067197,283.85284670927
49-9WEW,31,18,1905,146.912025872239,258.863632609882
49-9WEW,32,24,1904,146.173371342099,228.21856633454
49-9WEW,33,21,1905,160.560810755661,269.247259795744
49-9WEW,34,39,1904,142.118402513556,234.643061366437
49-9WEW,35,15,1904,146.732126186584,223.448203875704
49-9WEW,36,1,1905,143.544218986791,295.042659487653
49-9WEW,37,29,1905,134.493118611017,260.108811411887
49-9WEW,38,8,1905,163.997798095431,244.573949191776
